2020-06-10T03:18:29Z;I;START Download
2020-06-10T03:18:29Z;I;Rest API lesen ...
2020-06-10T03:18:30Z;I;. Todesfälle nach Fünf-Jahres-Altersgruppe, Geschlecht, Woche und Kanton (CSV-Datei) vom 2020-06-04T22:45:57.455517
2020-06-10T03:18:30Z;I;..API in ../data/api.csv geschrieben !
2020-06-10T03:18:30Z;I;URL download lesen ...
2020-06-10T03:18:30Z;W;..../data/neu_todesfaelle_woche.csv wird überschrieben !
2020-06-10T03:18:45Z;I;..CSV in ../data/neu_todesfaelle_woche.csv geschrieben !
2020-06-10T03:18:45Z;I;END Download
2020-06-10T03:18:45Z;I;START Plausibilisierung
2020-06-10T03:18:47Z;I;../data/todesfaelle_woche.csv gelesen 740939 Zeilen und 9 Spalten
2020-06-10T03:18:48Z;I;../data/neu_todesfaelle_woche.csv gelesen 741606 Zeilen und 9 Spalten
2020-06-10T03:18:48Z;I;Referenztabellen erstellt ...
2020-06-10T03:18:48Z;I;Validatortabellen erstellt ...
2020-06-10T03:18:48Z;I;..2019 mit 4 Todesfälle
2020-06-10T03:18:48Z;I;..2020 mit 1197 Todesfälle
2020-06-10T03:18:48Z;I;..2020-W14 mit 5 Todesfälle
2020-06-10T03:18:48Z;I;..2020-W15 mit 4 Todesfälle
2020-06-10T03:18:48Z;I;..2020-W16 mit 7 Todesfälle
2020-06-10T03:18:48Z;I;..2020-W17 mit 6 Todesfälle
2020-06-10T03:18:48Z;I;..2020-W18 mit 12 Todesfälle
2020-06-10T03:18:48Z;I;..2020-W19 mit 8 Todesfälle
2020-06-10T03:18:48Z;I;..2020-W20 mit 39 Todesfälle
2020-06-10T03:18:48Z;I;..2020-W21 mit 1084 Todesfälle
2020-06-10T03:18:49Z;I;Differenzen in 418 Zeilen mit 1201 Todesfällen ..
2020-06-10T03:18:49Z;I;..in ../data/diff.csv geschrieben !
2020-06-10T03:18:49Z;I;../data/todesfaelle_woche.csv umbenannt in ../data/arc_todesfaelle_woche.csv
2020-06-10T03:18:49Z;I;../data/neu_todesfaelle_woche.csv umbenannt in ../data/todesfaelle_woche.csv
2020-06-10T03:18:49Z;I;END Plausibilisierung
2020-06-11T03:18:31Z;I;START Download
2020-06-11T03:18:31Z;I;Rest API lesen ...
2020-06-11T03:18:32Z;E;Error HTTP error 403.
2020-06-11T03:18:32Z;I;END Download
2020-06-12T03:18:22Z;I;START Download
2020-06-12T03:18:22Z;I;Rest API lesen ...
2020-06-12T03:18:22Z;E;Error HTTP error 403.
2020-06-12T03:18:22Z;I;END Download
2020-06-13T03:18:27Z;I;START Download
2020-06-13T03:18:27Z;I;Rest API lesen ...
2020-06-13T03:18:28Z;E;Error HTTP error 403.
2020-06-13T03:18:28Z;I;END Download
2020-06-16T03:18:26Z;I;START Download
2020-06-16T03:18:26Z;I;Rest API lesen ...
2020-06-16T03:18:26Z;E;Error HTTP error 403.
2020-06-16T03:18:26Z;I;END Download
2020-06-16T12:02:17Z;I;START Download
2020-06-16T12:02:18Z;I;Rest API lesen ...
2020-06-16T12:02:19Z;I;. Deaths per week by 5-year age group, sex and canton (CSV file) vom 2020-06-10T09:52:16.283821
2020-06-16T12:02:19Z;I;..API in ../data/api.csv geschrieben !
2020-06-16T12:02:19Z;I;URL download lesen ...
2020-06-16T12:02:21Z;I;..CSV in ../data/new_todesfaelle_woche.csv geschrieben !
2020-06-16T12:02:21Z;I;<Last_pull> badge created
2020-06-16T12:02:21Z;I;END Download
2020-06-16T12:02:21Z;I;START Validierung
2020-06-16T12:02:22Z;I;todesfaelle_woche.csv gelesen 741606 Zeilen und 9 Spalten
2020-06-16T12:02:22Z;I;new_todesfaelle_woche.csv gelesen 14959 Zeilen und 9 Spalten
2020-06-16T12:02:22Z;I;Referenztabellen erstellt ...
2020-06-16T12:02:22Z;I;Validatortabellen erstellt ...
2020-06-16T12:02:22Z;I;..2020 mit 1023 Todesfälle
2020-06-16T12:02:22Z;W;..2020-W09 mit -1 Todesfälle
2020-06-16T12:02:22Z;I;..2020-W15 mit 2 Todesfälle
2020-06-16T12:02:22Z;I;..2020-W16 mit 4 Todesfälle
2020-06-16T12:02:22Z;I;..2020-W17 mit 3 Todesfälle
2020-06-16T12:02:22Z;I;..2020-W18 mit 6 Todesfälle
2020-06-16T12:02:22Z;I;..2020-W19 mit 5 Todesfälle
2020-06-16T12:02:22Z;I;..2020-W20 mit 9 Todesfälle
2020-06-16T12:02:22Z;I;..2020-W21 mit 29 Todesfälle
2020-06-16T12:02:22Z;I;..2020-W22 mit 941 Todesfälle
2020-06-16T12:02:23Z;I;Differenzen in 374 Zeilen mit 1023 Todesfällen ..
2020-06-16T12:02:23Z;I;..in ../data/diff.csv geschrieben !
2020-06-16T12:02:23Z;I;../data/todesfaelle_woche.csv umbenannt in ../data/arc_todesfaelle_woche.csv
2020-06-16T12:02:23Z;I;../data/new_todesfaelle_woche.csv umbenannt in ../data/todesfaelle_woche.csv
2020-06-16T12:02:23Z;I;<Valdidate> badge created
2020-06-16T12:02:23Z;I;END Validierung
2020-06-16T12:02:23Z;I;START API
2020-06-16T12:02:23Z;I;restful auf disc
2020-06-16T12:02:23Z;I;badge auf disc
2020-06-16T12:02:23Z;I;END API
2020-06-16T12:22:36Z;I;START Download
2020-06-16T12:22:37Z;I;Rest API lesen ...
2020-06-16T12:22:38Z;I;. Deaths per week by 5-year age group, sex and canton (CSV file) vom 2020-06-10T09:52:16.283821
2020-06-16T12:22:38Z;I;..API in ../data/api.csv geschrieben !
2020-06-16T12:22:38Z;I;URL download lesen ...
2020-06-16T12:22:40Z;I;..CSV in ../data/new_todesfaelle_woche.csv geschrieben !
2020-06-16T12:22:40Z;I;<Last_pull> badge created
2020-06-16T12:22:40Z;I;END Download
2020-06-16T12:22:40Z;I;START Validierung
2020-06-16T12:22:41Z;I;todesfaelle_woche.csv gelesen 14959 Zeilen und 9 Spalten
2020-06-16T12:22:41Z;I;new_todesfaelle_woche.csv gelesen 14959 Zeilen und 9 Spalten
2020-06-16T12:22:41Z;E;Daten identisch
2020-06-16T12:22:41Z;I;END Validierung
2020-06-16T12:42:28Z;I;START Download
2020-06-16T12:42:30Z;I;Rest API lesen ...
2020-06-16T12:42:31Z;I;. Deaths per week by 5-year age group, sex and canton (CSV file) vom 2020-06-10T09:52:16.283821
2020-06-16T12:42:31Z;I;..API in ../data/api.csv geschrieben !
2020-06-16T12:42:31Z;I;URL download lesen ...
2020-06-16T12:42:31Z;W;..../data/new_todesfaelle_woche.csv wird überschrieben !
2020-06-16T12:42:33Z;I;..CSV in ../data/new_todesfaelle_woche.csv geschrieben !
2020-06-16T12:42:33Z;I;<Last_pull> badge created
2020-06-16T12:42:33Z;I;END Download
2020-06-16T12:42:33Z;I;START Validierung
2020-06-16T12:42:33Z;I;todesfaelle_woche.csv gelesen 14959 Zeilen und 9 Spalten
2020-06-16T12:42:33Z;I;new_todesfaelle_woche.csv gelesen 14959 Zeilen und 9 Spalten
2020-06-16T12:42:33Z;E;Daten identisch
2020-06-16T12:42:33Z;I;END Validierung
2020-06-17T03:17:41Z;I;START Download
2020-06-17T03:17:43Z;I;Rest API lesen ...
2020-06-17T03:17:44Z;I;. Deaths per week by 5-year age group, sex and canton (CSV file) vom 2020-06-10T09:52:16.283821
2020-06-17T03:17:44Z;I;..API in ../data/api.csv geschrieben !
2020-06-17T03:17:44Z;I;URL download lesen ...
2020-06-17T03:17:44Z;W;..../data/new_todesfaelle_woche.csv wird überschrieben !
2020-06-17T03:17:46Z;I;..CSV in ../data/new_todesfaelle_woche.csv geschrieben !
2020-06-17T03:17:46Z;I;<Last_pull> badge created
2020-06-17T03:17:46Z;I;END Download
2020-06-17T03:17:46Z;I;START Validierung
2020-06-17T03:17:46Z;I;todesfaelle_woche.csv gelesen 14959 Zeilen und 9 Spalten
2020-06-17T03:17:46Z;I;new_todesfaelle_woche.csv gelesen 14959 Zeilen und 9 Spalten
2020-06-17T03:17:46Z;E;Daten identisch
2020-06-17T03:17:46Z;I;END Validierung
2020-06-18T03:17:30Z;I;START Download
2020-06-18T03:17:31Z;I;Rest API lesen ...
2020-06-18T03:17:32Z;I;. Deaths per week by 5-year age group, sex and canton (CSV file) vom 2020-06-10T09:52:16.283821
2020-06-18T03:17:32Z;I;..API in ../data/api.csv geschrieben !
2020-06-18T03:17:32Z;I;URL download lesen ...
2020-06-18T03:17:32Z;W;..../data/new_todesfaelle_woche.csv wird überschrieben !
2020-06-18T03:17:34Z;I;..CSV in ../data/new_todesfaelle_woche.csv geschrieben !
2020-06-18T03:17:34Z;I;<Last_pull> badge created
2020-06-18T03:17:34Z;I;END Download
2020-06-18T03:17:34Z;I;START Validierung
2020-06-18T03:17:34Z;I;todesfaelle_woche.csv gelesen 14959 Zeilen und 9 Spalten
2020-06-18T03:17:34Z;I;new_todesfaelle_woche.csv gelesen 14959 Zeilen und 9 Spalten
2020-06-18T03:17:34Z;E;Daten identisch
2020-06-18T03:17:34Z;I;END Validierung
2020-06-23T03:17:45Z;I;START Download
2020-06-23T03:17:46Z;I;Rest API lesen ...
2020-06-23T03:17:47Z;I;. Deaths per week by 5-year age group, sex and canton (CSV file) vom 2020-06-18T11:30:55.468596
2020-06-23T03:17:47Z;I;..API in ../data/api.csv geschrieben !
2020-06-23T03:17:47Z;I;URL download lesen ...
2020-06-23T03:17:47Z;W;..../data/new_todesfaelle_woche.csv wird überschrieben !
2020-06-23T03:17:48Z;I;..CSV in ../data/new_todesfaelle_woche.csv geschrieben !
2020-06-23T03:17:48Z;I;<Last_pull> badge created
2020-06-23T03:17:48Z;I;END Download
2020-06-23T03:17:48Z;I;START Validierung
2020-06-23T03:17:48Z;I;todesfaelle_woche.csv gelesen 14959 Zeilen und 9 Spalten
2020-06-23T03:17:48Z;I;new_todesfaelle_woche.csv gelesen 15614 Zeilen und 9 Spalten
2020-06-23T03:17:48Z;I;Referenztabellen erstellt ...
2020-06-23T03:17:48Z;I;Validatortabellen erstellt ...
2020-06-23T03:17:48Z;I;..2020 mit 1142 Todesfälle
2020-06-23T03:17:48Z;W;..2020-W08 mit -1 Todesfälle
2020-06-23T03:17:48Z;I;..2020-W16 mit 5 Todesfälle
2020-06-23T03:17:48Z;I;..2020-W17 mit 7 Todesfälle
2020-06-23T03:17:48Z;I;..2020-W18 mit 6 Todesfälle
2020-06-23T03:17:48Z;I;..2020-W19 mit 6 Todesfälle
2020-06-23T03:17:48Z;I;..2020-W20 mit 12 Todesfälle
2020-06-23T03:17:48Z;I;..2020-W21 mit 21 Todesfälle
2020-06-23T03:17:48Z;I;..2020-W22 mit 58 Todesfälle
2020-06-23T03:17:48Z;I;..2020-W23 mit 1002 Todesfälle
2020-06-23T03:17:48Z;I;Differenzen in 434 Zeilen mit 1143 Todesfällen ..
2020-06-23T03:17:48Z;I;..in ../data/diff.csv geschrieben !
2020-06-23T03:17:48Z;I;../data/todesfaelle_woche.csv umbenannt in ../data/arc_todesfaelle_woche.csv
2020-06-23T03:17:48Z;I;../data/new_todesfaelle_woche.csv umbenannt in ../data/todesfaelle_woche.csv
2020-06-23T03:17:48Z;I;<Valdidate> badge created
2020-06-23T03:17:48Z;I;END Validierung
2020-06-23T03:17:48Z;I;START API
2020-06-23T03:17:48Z;I;restful auf disc
2020-06-23T03:17:48Z;I;badge auf disc
2020-06-23T03:17:48Z;I;END API
2020-06-24T03:17:29Z;I;START Download
2020-06-24T03:17:30Z;I;Rest API lesen ...
2020-06-24T03:17:31Z;I;. Deaths per week by 5-year age group, sex and canton (CSV file) vom 2020-06-18T11:30:55.468596
2020-06-24T03:17:31Z;I;..API in ../data/api.csv geschrieben !
2020-06-24T03:17:31Z;I;URL download lesen ...
2020-06-24T03:17:33Z;I;..CSV in ../data/new_todesfaelle_woche.csv geschrieben !
2020-06-24T03:17:33Z;I;<Last_pull> badge created
2020-06-24T03:17:33Z;I;END Download
2020-06-24T03:17:33Z;I;START Validierung
2020-06-24T03:17:33Z;I;todesfaelle_woche.csv gelesen 15614 Zeilen und 9 Spalten
2020-06-24T03:17:34Z;I;new_todesfaelle_woche.csv gelesen 15614 Zeilen und 9 Spalten
2020-06-24T03:17:34Z;E;Daten identisch
2020-06-24T03:17:34Z;I;END Validierung
2020-06-25T03:17:39Z;I;START Download
2020-06-25T03:17:41Z;I;Rest API lesen ...
2020-06-25T03:17:42Z;I;. Deaths per week by 5-year age group, sex and canton (CSV file) vom 2020-06-25T02:14:04.642067
2020-06-25T03:17:42Z;I;..API in ../data/api.csv geschrieben !
2020-06-25T03:17:42Z;I;URL download lesen ...
2020-06-25T03:17:42Z;W;..../data/new_todesfaelle_woche.csv wird überschrieben !
2020-06-25T03:17:44Z;I;..CSV in ../data/new_todesfaelle_woche.csv geschrieben !
2020-06-25T03:17:44Z;I;<Last_pull> badge created
2020-06-25T03:17:44Z;I;END Download
2020-06-25T03:17:44Z;I;START Validierung
2020-06-25T03:17:44Z;I;todesfaelle_woche.csv gelesen 15614 Zeilen und 9 Spalten
2020-06-25T03:17:44Z;I;new_todesfaelle_woche.csv gelesen 16282 Zeilen und 9 Spalten
2020-06-25T03:17:44Z;I;Referenztabellen erstellt ...
2020-06-25T03:17:44Z;I;Validatortabellen erstellt ...
2020-06-25T03:17:44Z;I;..2020 mit 1166 Todesfälle
2020-06-25T03:17:44Z;I;..2020-W17 mit 2 Todesfälle
2020-06-25T03:17:44Z;I;..2020-W18 mit 2 Todesfälle
2020-06-25T03:17:44Z;I;..2020-W19 mit 6 Todesfälle
2020-06-25T03:17:44Z;I;..2020-W20 mit 9 Todesfälle
2020-06-25T03:17:44Z;I;..2020-W21 mit 10 Todesfälle
2020-06-25T03:17:44Z;I;..2020-W22 mit 32 Todesfälle
2020-06-25T03:17:44Z;I;..2020-W23 mit 85 Todesfälle
2020-06-25T03:17:44Z;I;..2020-W24 mit 990 Todesfälle
2020-06-25T03:17:44Z;I;Differenzen in 445 Zeilen mit 1166 Todesfällen ..
2020-06-25T03:17:44Z;I;..in ../data/diff.csv geschrieben !
2020-06-25T03:17:44Z;I;../data/todesfaelle_woche.csv umbenannt in ../data/arc_todesfaelle_woche.csv
2020-06-25T03:17:44Z;I;../data/new_todesfaelle_woche.csv umbenannt in ../data/todesfaelle_woche.csv
2020-06-25T03:17:44Z;I;<Valdidate> badge created
2020-06-25T03:17:44Z;I;END Validierung
2020-06-25T03:17:44Z;I;START API
2020-06-25T03:17:44Z;I;restful auf disc
2020-06-25T03:17:44Z;I;badge auf disc
2020-06-25T03:17:44Z;I;END API
2020-06-26T03:17:43Z;I;START Download
2020-06-26T03:17:44Z;I;Rest API lesen ...
2020-06-26T03:17:45Z;I;. Deaths per week by 5-year age group, sex and canton (CSV file) vom 2020-06-25T02:14:04.642067
2020-06-26T03:17:45Z;I;..API in ../data/api.csv geschrieben !
2020-06-26T03:17:45Z;I;URL download lesen ...
2020-06-26T03:17:47Z;I;..CSV in ../data/new_todesfaelle_woche.csv geschrieben !
2020-06-26T03:17:47Z;I;<Last_pull> badge created
2020-06-26T03:17:47Z;I;END Download
2020-06-26T03:17:47Z;I;START Validierung
2020-06-26T03:17:47Z;I;todesfaelle_woche.csv gelesen 16282 Zeilen und 9 Spalten
2020-06-26T03:17:47Z;I;new_todesfaelle_woche.csv gelesen 16282 Zeilen und 9 Spalten
2020-06-26T03:17:47Z;E;Daten identisch
2020-06-26T03:17:47Z;I;END Validierung
2020-06-27T03:17:29Z;I;START Download
2020-06-27T03:17:30Z;I;Rest API lesen ...
2020-06-27T03:17:31Z;I;. Deaths per week by 5-year age group, sex and canton (CSV file) vom 2020-06-25T02:14:04.642067
2020-06-27T03:17:31Z;I;..API in ../data/api.csv geschrieben !
2020-06-27T03:17:31Z;I;URL download lesen ...
2020-06-27T03:17:31Z;W;..../data/new_todesfaelle_woche.csv wird überschrieben !
2020-06-27T03:17:33Z;I;..CSV in ../data/new_todesfaelle_woche.csv geschrieben !
2020-06-27T03:17:33Z;I;<Last_pull> badge created
2020-06-27T03:17:33Z;I;END Download
2020-06-27T03:17:33Z;I;START Validierung
2020-06-27T03:17:33Z;I;todesfaelle_woche.csv gelesen 16282 Zeilen und 9 Spalten
2020-06-27T03:17:33Z;I;new_todesfaelle_woche.csv gelesen 16282 Zeilen und 9 Spalten
2020-06-27T03:17:33Z;E;Daten identisch
2020-06-27T03:17:33Z;I;END Validierung
2020-06-30T03:17:42Z;I;START Download
2020-06-30T03:17:43Z;I;Opendata spec lesen ...
2020-06-30T03:17:48Z;I;. Deaths per week by 5-year age group, sex and canton (CSV file) vom 2020-06-25T02:14:04.642067
2020-06-30T03:17:48Z;I;..API in api.csv geschrieben !
2020-06-30T03:17:48Z;I;URL download lesen ...
2020-06-30T03:17:48Z;W;..new_todesfaelle_woche.csv wird überschrieben !
2020-06-30T03:17:50Z;I;..CSV in new_todesfaelle_woche.csv geschrieben !
2020-06-30T03:17:50Z;I;<Last_pull> badge created
2020-06-30T03:17:50Z;I;END Download
2020-06-30T03:17:50Z;I;START Validierung
2020-06-30T03:17:50Z;I;todesfaelle_woche.csv gelesen 16282 Zeilen und 9 Spalten
2020-06-30T03:17:50Z;I;new_todesfaelle_woche.csv gelesen 16282 Zeilen und 9 Spalten
2020-06-30T03:17:50Z;E;Daten identisch
2020-06-30T03:17:50Z;I;END Validierung
2020-07-01T03:17:35Z;I;START Download
2020-07-01T03:17:35Z;I;Opendata spec lesen ...
2020-07-01T03:17:40Z;I;. Deaths per week by 5-year age group, sex and canton (CSV file) vom 2020-06-25T02:14:04.642067
2020-07-01T03:17:40Z;I;..API in api.csv geschrieben !
2020-07-01T03:17:40Z;I;URL download lesen ...
2020-07-01T03:17:40Z;W;..new_todesfaelle_woche.csv wird überschrieben !
2020-07-01T03:17:42Z;I;..CSV in new_todesfaelle_woche.csv geschrieben !
2020-07-01T03:17:42Z;I;<Last_pull> badge created
2020-07-01T03:17:42Z;I;END Download
2020-07-01T03:17:42Z;I;START Validierung
2020-07-01T03:17:42Z;I;todesfaelle_woche.csv gelesen 16282 Zeilen und 9 Spalten
2020-07-01T03:17:42Z;I;new_todesfaelle_woche.csv gelesen 16282 Zeilen und 9 Spalten
2020-07-01T03:17:42Z;E;Daten identisch
2020-07-01T03:17:42Z;I;END Validierung
2020-07-02T03:17:47Z;I;START Download
2020-07-02T03:17:48Z;I;Opendata spec lesen ...
2020-07-02T03:17:52Z;I;. Deaths per week by 5-year age group, sex and canton (CSV file) vom 2020-06-25T02:14:04.642067
2020-07-02T03:17:52Z;I;..API in api.csv geschrieben !
2020-07-02T03:17:52Z;I;URL download lesen ...
2020-07-02T03:17:52Z;W;..new_todesfaelle_woche.csv wird überschrieben !
2020-07-02T03:17:54Z;I;..CSV in new_todesfaelle_woche.csv geschrieben !
2020-07-02T03:17:54Z;I;<Last_pull> badge created
2020-07-02T03:17:54Z;I;END Download
2020-07-02T03:17:54Z;I;START Validierung
2020-07-02T03:17:55Z;I;todesfaelle_woche.csv gelesen 16282 Zeilen und 9 Spalten
2020-07-02T03:17:55Z;I;new_todesfaelle_woche.csv gelesen 16282 Zeilen und 9 Spalten
2020-07-02T03:17:55Z;E;Daten identisch
2020-07-02T03:17:55Z;I;END Validierung
2020-07-03T03:17:47Z;I;START Download
2020-07-03T03:17:48Z;I;Opendata spec lesen ...
2020-07-03T03:17:53Z;I;. Deaths per week by 5-year age group, sex and canton (CSV file) vom 2020-07-02T11:27:40.643168
2020-07-03T03:17:53Z;I;..API in api.csv geschrieben !
2020-07-03T03:17:53Z;I;URL download lesen ...
2020-07-03T03:17:53Z;W;..new_todesfaelle_woche.csv wird überschrieben !
2020-07-03T03:17:54Z;I;..CSV in new_todesfaelle_woche.csv geschrieben !
2020-07-03T03:17:54Z;I;<Last_pull> badge created
2020-07-03T03:17:54Z;I;END Download
2020-07-03T03:17:54Z;I;START Validierung
2020-07-03T03:17:54Z;I;todesfaelle_woche.csv gelesen 16282 Zeilen und 9 Spalten
2020-07-03T03:17:54Z;I;new_todesfaelle_woche.csv gelesen 16948 Zeilen und 9 Spalten
2020-07-03T03:17:54Z;I;Referenztabellen erstellt ...
2020-07-03T03:17:54Z;I;Validatortabellen erstellt ...
2020-07-03T03:17:54Z;I;..2020 mit 1126 Todesfälle
2020-07-03T03:17:54Z;I;..2020-W18 mit 5 Todesfälle
2020-07-03T03:17:54Z;I;..2020-W19 mit 1 Todesfälle
2020-07-03T03:17:54Z;I;..2020-W20 mit 4 Todesfälle
2020-07-03T03:17:54Z;I;..2020-W21 mit 10 Todesfälle
2020-07-03T03:17:54Z;I;..2020-W22 mit 13 Todesfälle
2020-07-03T03:17:54Z;I;..2020-W23 mit 26 Todesfälle
2020-07-03T03:17:54Z;I;..2020-W24 mit 59 Todesfälle
2020-07-03T03:17:54Z;I;..2020-W25 mit 978 Todesfälle
2020-07-03T03:17:54Z;I;Differenzen in 429 Zeilen mit 1126 Todesfällen ..
2020-07-03T03:17:54Z;I;..in ../data/diff.csv geschrieben !
2020-07-03T03:17:54Z;I;../data/todesfaelle_woche.csv umbenannt in ../data/arc_todesfaelle_woche.csv
2020-07-03T03:17:54Z;I;../data/new_todesfaelle_woche.csv umbenannt in ../data/todesfaelle_woche.csv
2020-07-03T03:17:54Z;I;<Valdidate> badge created
2020-07-03T03:17:54Z;I;END Validierung
2020-07-03T03:17:54Z;I;START API
2020-07-03T03:17:54Z;I;restful auf disc
2020-07-03T03:17:54Z;I;badge auf disc
2020-07-03T03:17:54Z;I;END API
2020-07-04T03:17:36Z;I;START Download
2020-07-04T03:17:37Z;I;Opendata spec lesen ...
2020-07-04T03:17:41Z;I;. Deaths per week by 5-year age group, sex and canton (CSV file) vom 2020-07-02T11:27:40.643168
2020-07-04T03:17:41Z;I;..API in api.csv geschrieben !
2020-07-04T03:17:41Z;I;URL download lesen ...
2020-07-04T03:17:43Z;I;..CSV in new_todesfaelle_woche.csv geschrieben !
2020-07-04T03:17:43Z;I;<Last_pull> badge created
2020-07-04T03:17:43Z;I;END Download
2020-07-04T03:17:43Z;I;START Validierung
2020-07-04T03:17:43Z;I;todesfaelle_woche.csv gelesen 16948 Zeilen und 9 Spalten
2020-07-04T03:17:43Z;I;new_todesfaelle_woche.csv gelesen 16948 Zeilen und 9 Spalten
2020-07-04T03:17:43Z;E;Daten identisch
2020-07-04T03:17:43Z;I;END Validierung
2020-07-07T03:17:41Z;I;START Download
2020-07-07T03:17:41Z;I;Opendata spec lesen ...
2020-07-07T03:17:46Z;I;. Deaths per week by 5-year age group, sex and canton (CSV file) vom 2020-07-02T11:27:40.643168
2020-07-07T03:17:46Z;I;..API in api.csv geschrieben !
2020-07-07T03:17:46Z;I;URL download lesen ...
2020-07-07T03:17:46Z;W;..new_todesfaelle_woche.csv wird überschrieben !
2020-07-07T03:17:48Z;I;..CSV in new_todesfaelle_woche.csv geschrieben !
2020-07-07T03:17:48Z;I;<Last_pull> badge created
2020-07-07T03:17:48Z;I;END Download
2020-07-07T03:17:48Z;I;START Validierung
2020-07-07T03:17:48Z;I;todesfaelle_woche.csv gelesen 16948 Zeilen und 9 Spalten
2020-07-07T03:17:48Z;I;new_todesfaelle_woche.csv gelesen 16948 Zeilen und 9 Spalten
2020-07-07T03:17:48Z;E;Daten identisch
2020-07-07T03:17:49Z;I;END Validierung
2020-07-08T03:17:33Z;I;START Download
2020-07-08T03:17:34Z;I;Opendata spec lesen ...
2020-07-08T03:17:39Z;I;. Deaths per week by 5-year age group, sex and canton (CSV file) vom 2020-07-02T11:27:40.643168
2020-07-08T03:17:39Z;I;..API in api.csv geschrieben !
2020-07-08T03:17:39Z;I;URL download lesen ...
2020-07-08T03:17:39Z;W;..new_todesfaelle_woche.csv wird überschrieben !
2020-07-08T03:17:41Z;I;..CSV in new_todesfaelle_woche.csv geschrieben !
2020-07-08T03:17:41Z;I;<Last_pull> badge created
2020-07-08T03:17:41Z;I;END Download
2020-07-08T03:17:41Z;I;START Validierung
2020-07-08T03:17:41Z;I;todesfaelle_woche.csv gelesen 16948 Zeilen und 9 Spalten
2020-07-08T03:17:41Z;I;new_todesfaelle_woche.csv gelesen 16948 Zeilen und 9 Spalten
2020-07-08T03:17:41Z;E;Daten identisch
2020-07-08T03:17:41Z;I;END Validierung
2020-07-09T03:17:21Z;I;START Download
2020-07-09T03:17:22Z;I;Opendata spec lesen ...
2020-07-09T03:17:29Z;E;Error NROW(api_res$PIVOT) == 1 is not TRUE
2020-07-09T03:17:29Z;I;<Last_pull> badge created
2020-07-09T03:17:29Z;I;END Download
2020-07-09T03:17:21Z;I;START Download
2020-07-09T03:17:22Z;I;Opendata spec lesen ...
2020-07-09T03:17:29Z;E;Error NROW(api_res$PIVOT) == 1 is not TRUE
2020-07-09T03:17:29Z;I;<Last_pull> badge created
2020-07-09T03:17:29Z;I;END Download
2020-07-09T03:17:29Z;I;END Download
2020-07-10T03:18:37Z;I;START Download
2020-07-10T03:18:38Z;I;Opendata spec lesen ...
2020-07-10T03:18:42Z;I;. Deaths per week by 5-year age group, sex and canton (CSV file) vom 2020-07-09T01:15:30.497918
2020-07-10T03:18:42Z;I;..API in api.csv geschrieben !
2020-07-10T03:18:42Z;I;URL download lesen ...
2020-07-10T03:18:42Z;W;..new_todesfaelle_woche.csv wird überschrieben !
2020-07-10T03:18:44Z;I;..CSV in new_todesfaelle_woche.csv geschrieben !
2020-07-10T03:18:44Z;I;<Last_pull> badge created
2020-07-10T03:18:44Z;I;END Download
2020-07-10T03:18:44Z;I;START Validierung
2020-07-10T03:18:44Z;I;todesfaelle_woche.csv gelesen 16948 Zeilen und 9 Spalten
2020-07-10T03:18:44Z;I;new_todesfaelle_woche.csv gelesen 17614 Zeilen und 9 Spalten
2020-07-10T03:18:44Z;I;Referenztabellen erstellt ...
2020-07-10T03:18:44Z;I;Validatortabellen erstellt ...
2020-07-10T03:18:44Z;I;..2020 mit 1168 Todesfälle
2020-07-10T03:18:44Z;I;..2020-W19 mit 5 Todesfälle
2020-07-10T03:18:44Z;I;..2020-W20 mit 9 Todesfälle
2020-07-10T03:18:44Z;I;..2020-W21 mit 4 Todesfälle
2020-07-10T03:18:44Z;I;..2020-W22 mit 10 Todesfälle
2020-07-10T03:18:44Z;I;..2020-W23 mit 18 Todesfälle
2020-07-10T03:18:44Z;I;..2020-W24 mit 35 Todesfälle
2020-07-10T03:18:44Z;I;..2020-W25 mit 51 Todesfälle
2020-07-10T03:18:44Z;I;..2020-W26 mit 1020 Todesfälle
2020-07-10T03:18:45Z;I;Differenzen in 440 Zeilen mit 1169 Todesfällen ..
2020-07-10T03:18:45Z;I;..in ../data/diff.csv geschrieben !
2020-07-10T03:18:45Z;I;../data/todesfaelle_woche.csv umbenannt in ../data/arc_todesfaelle_woche.csv
2020-07-10T03:18:45Z;I;../data/new_todesfaelle_woche.csv umbenannt in ../data/todesfaelle_woche.csv
2020-07-10T03:18:45Z;I;<Valdidate> badge created
2020-07-10T03:18:45Z;I;END Validierung
2020-07-10T03:18:45Z;I;START API
2020-07-10T03:18:45Z;I;restful auf disc
2020-07-10T03:18:45Z;I;badge auf disc
2020-07-10T03:18:45Z;I;END API
2020-07-11T03:19:01Z;I;START Download
2020-07-11T03:19:01Z;I;Opendata spec lesen ...
2020-07-11T03:19:06Z;I;. Deaths per week by 5-year age group, sex and canton (CSV file) vom 2020-07-09T01:15:30.497918
2020-07-11T03:19:06Z;I;..API in api.csv geschrieben !
2020-07-11T03:19:06Z;I;URL download lesen ...
2020-07-11T03:19:08Z;I;..CSV in new_todesfaelle_woche.csv geschrieben !
2020-07-11T03:19:08Z;I;<Last_pull> badge created
2020-07-11T03:19:08Z;I;END Download
2020-07-11T03:19:08Z;I;START Validierung
2020-07-11T03:19:09Z;I;todesfaelle_woche.csv gelesen 17614 Zeilen und 9 Spalten
2020-07-11T03:19:09Z;I;new_todesfaelle_woche.csv gelesen 17614 Zeilen und 9 Spalten
2020-07-11T03:19:09Z;E;Daten identisch
2020-07-11T03:19:09Z;I;END Validierung
2020-07-14T03:18:11Z;I;START Download
2020-07-14T03:18:11Z;I;Opendata spec lesen ...
2020-07-14T03:18:16Z;I;. Deaths per week by 5-year age group, sex and canton (CSV file) vom 2020-07-09T01:15:30.497918
2020-07-14T03:18:16Z;I;..API in api.csv geschrieben !
2020-07-14T03:18:16Z;I;URL download lesen ...
2020-07-14T03:18:16Z;W;..new_todesfaelle_woche.csv wird überschrieben !
2020-07-14T03:18:18Z;I;..CSV in new_todesfaelle_woche.csv geschrieben !
2020-07-14T03:18:18Z;I;<Last_pull> badge created
2020-07-14T03:18:18Z;I;END Download
2020-07-14T03:18:18Z;I;START Validierung
2020-07-14T03:18:18Z;I;todesfaelle_woche.csv gelesen 17614 Zeilen und 9 Spalten
2020-07-14T03:18:18Z;I;new_todesfaelle_woche.csv gelesen 17614 Zeilen und 9 Spalten
2020-07-14T03:18:19Z;E;Daten identisch
2020-07-14T03:18:19Z;I;END Validierung
2020-07-15T03:18:13Z;I;START Download
2020-07-15T03:18:14Z;I;Opendata spec lesen ...
2020-07-15T03:18:19Z;I;. Deaths per week by 5-year age group, sex and canton (CSV file) vom 2020-07-09T01:15:30.497918
2020-07-15T03:18:19Z;I;..API in api.csv geschrieben !
2020-07-15T03:18:19Z;I;URL download lesen ...
2020-07-15T03:18:19Z;W;..new_todesfaelle_woche.csv wird überschrieben !
2020-07-15T03:18:22Z;I;..CSV in new_todesfaelle_woche.csv geschrieben !
2020-07-15T03:18:22Z;I;<Last_pull> badge created
2020-07-15T03:18:22Z;I;END Download
2020-07-15T03:18:22Z;I;START Validierung
2020-07-15T03:18:22Z;I;todesfaelle_woche.csv gelesen 17614 Zeilen und 9 Spalten
2020-07-15T03:18:22Z;I;new_todesfaelle_woche.csv gelesen 17614 Zeilen und 9 Spalten
2020-07-15T03:18:22Z;E;Daten identisch
2020-07-15T03:18:22Z;I;END Validierung
2020-07-16T03:18:16Z;I;START Download
2020-07-16T03:18:16Z;I;Opendata spec lesen ...
2020-07-16T03:18:21Z;I;. Deaths per week by 5-year age group, sex and canton (CSV file) vom 2020-07-09T01:15:30.497918
2020-07-16T03:18:21Z;I;..API in api.csv geschrieben !
2020-07-16T03:18:21Z;I;URL download lesen ...
2020-07-16T03:18:21Z;W;..new_todesfaelle_woche.csv wird überschrieben !
2020-07-16T03:18:22Z;I;..CSV in new_todesfaelle_woche.csv geschrieben !
2020-07-16T03:18:22Z;I;<Last_pull> badge created
2020-07-16T03:18:22Z;I;END Download
2020-07-16T03:18:22Z;I;START Validierung
2020-07-16T03:18:23Z;I;todesfaelle_woche.csv gelesen 17614 Zeilen und 9 Spalten
2020-07-16T03:18:23Z;I;new_todesfaelle_woche.csv gelesen 17614 Zeilen und 9 Spalten
2020-07-16T03:18:23Z;E;Daten identisch
2020-07-16T03:18:23Z;I;END Validierung
2020-07-17T03:18:26Z;I;START Download
2020-07-17T03:18:27Z;I;Opendata spec lesen ...
2020-07-17T03:18:32Z;I;. Deaths per week by 5-year age group, sex and canton (CSV file) vom 2020-07-16T12:24:34.402187
2020-07-17T03:18:32Z;I;..API in api.csv geschrieben !
2020-07-17T03:18:32Z;I;URL download lesen ...
2020-07-17T03:18:32Z;W;..new_todesfaelle_woche.csv wird überschrieben !
2020-07-17T03:18:34Z;I;..CSV in new_todesfaelle_woche.csv geschrieben !
2020-07-17T03:18:34Z;I;<Last_pull> badge created
2020-07-17T03:18:34Z;I;END Download
2020-07-17T03:18:34Z;I;START Validierung
2020-07-17T03:18:35Z;I;todesfaelle_woche.csv gelesen 17614 Zeilen und 9 Spalten
2020-07-17T03:18:35Z;I;new_todesfaelle_woche.csv gelesen 18283 Zeilen und 9 Spalten
2020-07-17T03:18:35Z;I;Referenztabellen erstellt ...
2020-07-17T03:18:35Z;I;Validatortabellen erstellt ...
2020-07-17T03:18:35Z;I;..2020 mit 1155 Todesfälle
2020-07-17T03:18:35Z;I;..2020-W20 mit 3 Todesfälle
2020-07-17T03:18:35Z;I;..2020-W21 mit 6 Todesfälle
2020-07-17T03:18:35Z;I;..2020-W22 mit 10 Todesfälle
2020-07-17T03:18:35Z;I;..2020-W23 mit 7 Todesfälle
2020-07-17T03:18:35Z;I;..2020-W24 mit 22 Todesfälle
2020-07-17T03:18:35Z;I;..2020-W25 mit 45 Todesfälle
2020-07-17T03:18:35Z;I;..2020-W26 mit 33 Todesfälle
2020-07-17T03:18:35Z;I;..2020-W27 mit 996 Todesfälle
2020-07-17T03:18:35Z;I;Differenzen in 436 Zeilen mit 1155 Todesfällen ..
2020-07-17T03:18:35Z;I;..in ../data/diff.csv geschrieben !
2020-07-17T03:18:35Z;I;../data/todesfaelle_woche.csv umbenannt in ../data/arc_todesfaelle_woche.csv
2020-07-17T03:18:35Z;I;../data/new_todesfaelle_woche.csv umbenannt in ../data/todesfaelle_woche.csv
2020-07-17T03:18:35Z;I;<Valdidate> badge created
2020-07-17T03:18:35Z;I;END Validierung
2020-07-17T03:18:35Z;I;START API
2020-07-17T03:18:35Z;I;restful auf disc
2020-07-17T03:18:35Z;I;badge auf disc
2020-07-17T03:18:35Z;I;END API
2020-07-18T03:19:13Z;I;START Download
2020-07-18T03:19:14Z;I;Opendata spec lesen ...
2020-07-18T03:19:18Z;I;. Deaths per week by 5-year age group, sex and canton (CSV file) vom 2020-07-16T12:24:34.402187
2020-07-18T03:19:18Z;I;..API in api.csv geschrieben !
2020-07-18T03:19:18Z;I;URL download lesen ...
2020-07-18T03:19:21Z;I;..CSV in new_todesfaelle_woche.csv geschrieben !
2020-07-18T03:19:21Z;I;<Last_pull> badge created
2020-07-18T03:19:21Z;I;END Download
2020-07-18T03:19:21Z;I;START Validierung
2020-07-18T03:19:21Z;I;todesfaelle_woche.csv gelesen 18283 Zeilen und 9 Spalten
2020-07-18T03:19:21Z;I;new_todesfaelle_woche.csv gelesen 18283 Zeilen und 9 Spalten
2020-07-18T03:19:21Z;E;Daten identisch
2020-07-18T03:19:21Z;I;END Validierung
2020-07-21T03:18:47Z;I;START Download
2020-07-21T03:18:47Z;I;Opendata spec lesen ...
2020-07-21T03:18:53Z;I;. Deaths per week by 5-year age group, sex and canton (CSV file) vom 2020-07-16T12:24:34.402187
2020-07-21T03:18:53Z;I;..API in api.csv geschrieben !
2020-07-21T03:18:53Z;I;URL download lesen ...
2020-07-21T03:18:53Z;W;..new_todesfaelle_woche.csv wird überschrieben !
2020-07-21T03:18:55Z;I;..CSV in new_todesfaelle_woche.csv geschrieben !
2020-07-21T03:18:56Z;I;<Last_pull> badge created
2020-07-21T03:18:56Z;I;END Download
2020-07-21T03:18:56Z;I;START Validierung
2020-07-21T03:18:56Z;I;todesfaelle_woche.csv gelesen 18283 Zeilen und 9 Spalten
2020-07-21T03:18:56Z;I;new_todesfaelle_woche.csv gelesen 18283 Zeilen und 9 Spalten
2020-07-21T03:18:56Z;E;Daten identisch
2020-07-21T03:18:56Z;I;END Validierung
2020-07-22T03:18:36Z;I;START Download
2020-07-22T03:18:36Z;I;Opendata spec lesen ...
2020-07-22T03:18:42Z;I;. Deaths per week by 5-year age group, sex and canton (CSV file) vom 2020-07-16T12:24:34.402187
2020-07-22T03:18:42Z;I;..API in api.csv geschrieben !
2020-07-22T03:18:42Z;I;URL download lesen ...
2020-07-22T03:18:42Z;W;..new_todesfaelle_woche.csv wird überschrieben !
2020-07-22T03:18:45Z;I;..CSV in new_todesfaelle_woche.csv geschrieben !
2020-07-22T03:18:45Z;I;<Last_pull> badge created
2020-07-22T03:18:45Z;I;END Download
2020-07-22T03:18:45Z;I;START Validierung
2020-07-22T03:18:45Z;I;todesfaelle_woche.csv gelesen 18283 Zeilen und 9 Spalten
2020-07-22T03:18:45Z;I;new_todesfaelle_woche.csv gelesen 18283 Zeilen und 9 Spalten
2020-07-22T03:18:45Z;E;Daten identisch
2020-07-22T03:18:45Z;I;END Validierung
2020-07-23T03:18:54Z;I;START Download
2020-07-23T03:18:54Z;I;Opendata spec lesen ...
2020-07-23T03:18:59Z;I;. Deaths per week by 5-year age group, sex and canton (CSV file) vom 2020-07-16T12:24:34.402187
2020-07-23T03:18:59Z;I;..API in api.csv geschrieben !
2020-07-23T03:18:59Z;I;URL download lesen ...
2020-07-23T03:18:59Z;W;..new_todesfaelle_woche.csv wird überschrieben !
2020-07-23T03:19:04Z;I;..CSV in new_todesfaelle_woche.csv geschrieben !
2020-07-23T03:19:04Z;I;<Last_pull> badge created
2020-07-23T03:19:04Z;I;END Download
2020-07-23T03:19:04Z;I;START Validierung
2020-07-23T03:19:04Z;I;todesfaelle_woche.csv gelesen 18283 Zeilen und 9 Spalten
2020-07-23T03:19:04Z;I;new_todesfaelle_woche.csv gelesen 18283 Zeilen und 9 Spalten
2020-07-23T03:19:04Z;E;Daten identisch
2020-07-23T03:19:04Z;I;END Validierung
2020-07-24T03:18:50Z;I;START Download
2020-07-24T03:18:50Z;I;Opendata spec lesen ...
2020-07-24T03:18:56Z;I;. Deaths per week by 5-year age group, sex and canton (CSV file) vom 2020-07-23T09:06:18.797213
2020-07-24T03:18:56Z;I;..API in api.csv geschrieben !
2020-07-24T03:18:56Z;I;URL download lesen ...
2020-07-24T03:18:56Z;W;..new_todesfaelle_woche.csv wird überschrieben !
2020-07-24T03:18:58Z;I;..CSV in new_todesfaelle_woche.csv geschrieben !
2020-07-24T03:18:58Z;I;<Last_pull> badge created
2020-07-24T03:18:58Z;I;END Download
2020-07-24T03:18:58Z;I;START Validierung
2020-07-24T03:18:58Z;I;todesfaelle_woche.csv gelesen 18283 Zeilen und 9 Spalten
2020-07-24T03:18:58Z;I;new_todesfaelle_woche.csv gelesen 18938 Zeilen und 9 Spalten
2020-07-24T03:18:58Z;I;Referenztabellen erstellt ...
2020-07-24T03:18:58Z;I;Validatortabellen erstellt ...
2020-07-24T03:18:58Z;I;..2020 mit 1178 Todesfälle
2020-07-24T03:18:58Z;I;..2020-W21 mit 5 Todesfälle
2020-07-24T03:18:58Z;I;..2020-W22 mit 8 Todesfälle
2020-07-24T03:18:58Z;I;..2020-W23 mit 7 Todesfälle
2020-07-24T03:18:58Z;I;..2020-W24 mit 4 Todesfälle
2020-07-24T03:18:58Z;I;..2020-W25 mit 29 Todesfälle
2020-07-24T03:18:58Z;I;..2020-W26 mit 39 Todesfälle
2020-07-24T03:18:58Z;I;..2020-W27 mit 47 Todesfälle
2020-07-24T03:18:58Z;I;..2020-W28 mit 1003 Todesfälle
2020-07-24T03:18:58Z;I;Differenzen in 452 Zeilen mit 1178 Todesfällen ..
2020-07-24T03:18:59Z;I;..in ../data/diff.csv geschrieben !
2020-07-24T03:18:59Z;I;../data/todesfaelle_woche.csv umbenannt in ../data/arc_todesfaelle_woche.csv
2020-07-24T03:18:59Z;I;../data/new_todesfaelle_woche.csv umbenannt in ../data/todesfaelle_woche.csv
2020-07-24T03:18:59Z;I;<Valdidate> badge created
2020-07-24T03:18:59Z;I;END Validierung
2020-07-24T03:18:59Z;I;START API
2020-07-24T03:18:59Z;I;restful auf disc
2020-07-24T03:18:59Z;I;badge auf disc
2020-07-24T03:18:59Z;I;END API
2020-07-25T03:19:18Z;I;START Download
2020-07-25T03:19:18Z;I;Opendata spec lesen ...
2020-07-25T03:19:23Z;I;. Deaths per week by 5-year age group, sex and canton (CSV file) vom 2020-07-23T09:06:18.797213
2020-07-25T03:19:23Z;I;..API in api.csv geschrieben !
2020-07-25T03:19:23Z;I;URL download lesen ...
2020-07-25T03:19:25Z;I;..CSV in new_todesfaelle_woche.csv geschrieben !
2020-07-25T03:19:25Z;I;<Last_pull> badge created
2020-07-25T03:19:25Z;I;END Download
2020-07-25T03:19:25Z;I;START Validierung
2020-07-25T03:19:25Z;I;todesfaelle_woche.csv gelesen 18938 Zeilen und 9 Spalten
2020-07-25T03:19:25Z;I;new_todesfaelle_woche.csv gelesen 18938 Zeilen und 9 Spalten
2020-07-25T03:19:25Z;E;Daten identisch
2020-07-25T03:19:25Z;I;END Validierung
2020-07-28T03:19:25Z;I;START Download
2020-07-28T03:19:25Z;I;Opendata spec lesen ...
2020-07-28T03:19:30Z;I;. Deaths per week by 5-year age group, sex and canton (CSV file) vom 2020-07-23T09:06:18.797213
2020-07-28T03:19:30Z;I;..API in api.csv geschrieben !
2020-07-28T03:19:30Z;I;URL download lesen ...
2020-07-28T03:19:30Z;W;..new_todesfaelle_woche.csv wird überschrieben !
2020-07-28T03:19:32Z;I;..CSV in new_todesfaelle_woche.csv geschrieben !
2020-07-28T03:19:32Z;I;<Last_pull> badge created
2020-07-28T03:19:32Z;I;END Download
2020-07-28T03:19:32Z;I;START Validierung
2020-07-28T03:19:32Z;I;todesfaelle_woche.csv gelesen 18938 Zeilen und 9 Spalten
2020-07-28T03:19:32Z;I;new_todesfaelle_woche.csv gelesen 18938 Zeilen und 9 Spalten
2020-07-28T03:19:32Z;E;Daten identisch
2020-07-28T03:19:32Z;I;END Validierung
2020-07-29T03:19:29Z;I;START Download
2020-07-29T03:19:30Z;I;Opendata spec lesen ...
2020-07-29T03:19:34Z;I;. Deaths per week by 5-year age group, sex and canton (CSV file) vom 2020-07-23T09:06:18.797213
2020-07-29T03:19:34Z;I;..API in api.csv geschrieben !
2020-07-29T03:19:34Z;I;URL download lesen ...
2020-07-29T03:19:34Z;W;..new_todesfaelle_woche.csv wird überschrieben !
2020-07-29T03:19:36Z;I;..CSV in new_todesfaelle_woche.csv geschrieben !
2020-07-29T03:19:36Z;I;<Last_pull> badge created
2020-07-29T03:19:36Z;I;END Download
2020-07-29T03:19:36Z;I;START Validierung
2020-07-29T03:19:36Z;I;todesfaelle_woche.csv gelesen 18938 Zeilen und 9 Spalten
2020-07-29T03:19:36Z;I;new_todesfaelle_woche.csv gelesen 18938 Zeilen und 9 Spalten
2020-07-29T03:19:36Z;E;Daten identisch
2020-07-29T03:19:36Z;I;END Validierung
2020-07-30T03:20:15Z;I;START Download
2020-07-30T03:20:15Z;I;Opendata spec lesen ...
2020-07-30T03:20:21Z;I;. Deaths per week by 5-year age group, sex and canton (CSV file) vom 2020-07-23T09:06:18.797213
2020-07-30T03:20:21Z;I;..API in api.csv geschrieben !
2020-07-30T03:20:21Z;I;URL download lesen ...
2020-07-30T03:20:21Z;W;..new_todesfaelle_woche.csv wird überschrieben !
2020-07-30T03:20:22Z;I;..CSV in new_todesfaelle_woche.csv geschrieben !
2020-07-30T03:20:22Z;I;<Last_pull> badge created
2020-07-30T03:20:22Z;I;END Download
2020-07-30T03:20:22Z;I;START Validierung
2020-07-30T03:20:23Z;I;todesfaelle_woche.csv gelesen 18938 Zeilen und 9 Spalten
2020-07-30T03:20:23Z;I;new_todesfaelle_woche.csv gelesen 18938 Zeilen und 9 Spalten
2020-07-30T03:20:23Z;E;Daten identisch
2020-07-30T03:20:23Z;I;END Validierung
2020-07-31T03:20:25Z;I;START Download
2020-07-31T03:20:26Z;I;Opendata spec lesen ...
2020-07-31T03:20:32Z;E;Error NROW(api_res$PIVOT) == 1 is not TRUE
2020-07-31T03:20:32Z;I;<Last_pull> badge created
2020-07-31T03:20:32Z;I;END Download
2020-07-31T03:20:25Z;I;START Download
2020-07-31T03:20:26Z;I;Opendata spec lesen ...
2020-07-31T03:20:32Z;E;Error NROW(api_res$PIVOT) == 1 is not TRUE
2020-07-31T03:20:32Z;I;<Last_pull> badge created
2020-07-31T03:20:32Z;I;END Download
2020-07-31T03:20:32Z;I;END Download
2020-08-01T03:19:25Z;I;START Download
2020-08-01T03:19:25Z;I;Opendata spec lesen ...
2020-08-01T03:19:31Z;I;. Deaths per week by 5-year age group, sex and canton (CSV file) vom 2020-07-30T12:04:51.237991
2020-08-01T03:19:31Z;I;..API in api.csv geschrieben !
2020-08-01T03:19:31Z;I;URL download lesen ...
2020-08-01T03:19:31Z;W;..new_todesfaelle_woche.csv wird überschrieben !
2020-08-01T03:19:33Z;I;..CSV in new_todesfaelle_woche.csv geschrieben !
2020-08-01T03:19:33Z;I;<Last_pull> badge created
2020-08-01T03:19:33Z;I;END Download
2020-08-01T03:19:33Z;I;START Validierung
2020-08-01T03:19:33Z;I;todesfaelle_woche.csv gelesen 18938 Zeilen und 9 Spalten
2020-08-01T03:19:33Z;I;new_todesfaelle_woche.csv gelesen 19611 Zeilen und 9 Spalten
2020-08-01T03:19:33Z;I;Referenztabellen erstellt ...
2020-08-01T03:19:33Z;I;Validatortabellen erstellt ...
2020-08-01T03:19:33Z;I;..2020 mit 1209 Todesfälle
2020-08-01T03:19:33Z;W;..2020-W06 mit -1 Todesfälle
2020-08-01T03:19:33Z;I;..2020-W22 mit 6 Todesfälle
2020-08-01T03:19:33Z;I;..2020-W23 mit 3 Todesfälle
2020-08-01T03:19:33Z;I;..2020-W24 mit 6 Todesfälle
2020-08-01T03:19:33Z;I;..2020-W25 mit 10 Todesfälle
2020-08-01T03:19:33Z;I;..2020-W26 mit 39 Todesfälle
2020-08-01T03:19:33Z;I;..2020-W27 mit 67 Todesfälle
2020-08-01T03:19:33Z;I;..2020-W28 mit 69 Todesfälle
2020-08-01T03:19:33Z;I;..2020-W29 mit 972 Todesfälle
2020-08-01T03:19:33Z;I;Differenzen in 466 Zeilen mit 1209 Todesfällen ..
2020-08-01T03:19:33Z;I;..in ../data/diff.csv geschrieben !
2020-08-01T03:19:33Z;I;../data/todesfaelle_woche.csv umbenannt in ../data/arc_todesfaelle_woche.csv
2020-08-01T03:19:33Z;I;../data/new_todesfaelle_woche.csv umbenannt in ../data/todesfaelle_woche.csv
2020-08-01T03:19:33Z;I;<Valdidate> badge created
2020-08-01T03:19:33Z;I;END Validierung
2020-08-01T03:19:33Z;I;START API
2020-08-01T03:19:33Z;I;restful auf disc
2020-08-01T03:19:33Z;I;badge auf disc
2020-08-01T03:19:33Z;I;END API
2020-08-04T03:19:36Z;I;START Download
2020-08-04T03:19:36Z;I;Opendata spec lesen ...
2020-08-04T03:19:42Z;I;. Deaths per week by 5-year age group, sex and canton (CSV file) vom 2020-07-30T12:04:51.237991
2020-08-04T03:19:42Z;I;..API in api.csv geschrieben !
2020-08-04T03:19:42Z;I;URL download lesen ...
2020-08-04T03:19:45Z;I;..CSV in new_todesfaelle_woche.csv geschrieben !
2020-08-04T03:19:45Z;I;<Last_pull> badge created
2020-08-04T03:19:45Z;I;END Download
2020-08-04T03:19:45Z;I;START Validierung
2020-08-04T03:19:45Z;I;todesfaelle_woche.csv gelesen 19611 Zeilen und 9 Spalten
2020-08-04T03:19:45Z;I;new_todesfaelle_woche.csv gelesen 19611 Zeilen und 9 Spalten
2020-08-04T03:19:45Z;E;Daten identisch
2020-08-04T03:19:45Z;I;END Validierung
2020-08-05T03:21:12Z;I;START Download
2020-08-05T03:21:12Z;I;Opendata spec lesen ...
2020-08-05T03:21:18Z;I;. Deaths per week by 5-year age group, sex and canton (CSV file) vom 2020-07-30T12:04:51.237991
2020-08-05T03:21:18Z;I;..API in api.csv geschrieben !
2020-08-05T03:21:18Z;I;URL download lesen ...
2020-08-05T03:21:18Z;W;..new_todesfaelle_woche.csv wird überschrieben !
2020-08-05T03:21:20Z;I;..CSV in new_todesfaelle_woche.csv geschrieben !
2020-08-05T03:21:20Z;I;<Last_pull> badge created
2020-08-05T03:21:20Z;I;END Download
2020-08-05T03:21:20Z;I;START Validierung
2020-08-05T03:21:21Z;I;todesfaelle_woche.csv gelesen 19611 Zeilen und 9 Spalten
2020-08-05T03:21:21Z;I;new_todesfaelle_woche.csv gelesen 19611 Zeilen und 9 Spalten
2020-08-05T03:21:21Z;E;Daten identisch
2020-08-05T03:21:21Z;I;END Validierung
2020-08-06T03:19:58Z;I;START Download
2020-08-06T03:19:58Z;I;Opendata spec lesen ...
2020-08-06T03:20:03Z;I;. Deaths per week by 5-year age group, sex and canton (CSV file) vom 2020-08-05T16:42:57.719335
2020-08-06T03:20:03Z;I;..API in api.csv geschrieben !
2020-08-06T03:20:03Z;I;URL download lesen ...
2020-08-06T03:20:03Z;W;..new_todesfaelle_woche.csv wird überschrieben !
2020-08-06T03:20:05Z;I;..CSV in new_todesfaelle_woche.csv geschrieben !
2020-08-06T03:20:05Z;I;<Last_pull> badge created
2020-08-06T03:20:05Z;I;END Download
2020-08-06T03:20:05Z;I;START Validierung
2020-08-06T03:20:05Z;I;todesfaelle_woche.csv gelesen 19611 Zeilen und 9 Spalten
2020-08-06T03:20:05Z;I;new_todesfaelle_woche.csv gelesen 20243 Zeilen und 9 Spalten
2020-08-06T03:20:05Z;I;Referenztabellen erstellt ...
2020-08-06T03:20:05Z;I;Validatortabellen erstellt ...
2020-08-06T03:20:05Z;I;..2020 mit 1131 Todesfälle
2020-08-06T03:20:05Z;I;..2020-W23 mit 3 Todesfälle
2020-08-06T03:20:05Z;I;..2020-W24 mit 4 Todesfälle
2020-08-06T03:20:05Z;I;..2020-W25 mit 5 Todesfälle
2020-08-06T03:20:05Z;I;..2020-W26 mit 7 Todesfälle
2020-08-06T03:20:05Z;I;..2020-W27 mit 17 Todesfälle
2020-08-06T03:20:05Z;I;..2020-W28 mit 47 Todesfälle
2020-08-06T03:20:05Z;I;..2020-W29 mit 55 Todesfälle
2020-08-06T03:20:05Z;I;..2020-W30 mit 973 Todesfälle
2020-08-06T03:20:05Z;I;Differenzen in 414 Zeilen mit 1131 Todesfällen ..
2020-08-06T03:20:05Z;I;..in ../data/diff.csv geschrieben !
2020-08-06T03:20:05Z;I;../data/todesfaelle_woche.csv umbenannt in ../data/arc_todesfaelle_woche.csv
2020-08-06T03:20:05Z;I;../data/new_todesfaelle_woche.csv umbenannt in ../data/todesfaelle_woche.csv
2020-08-06T03:20:05Z;I;<Valdidate> badge created
2020-08-06T03:20:05Z;I;END Validierung
2020-08-06T03:20:05Z;I;START API
2020-08-06T03:20:05Z;I;restful auf disc
2020-08-06T03:20:05Z;I;badge auf disc
2020-08-06T03:20:05Z;I;END API
2020-08-07T03:20:19Z;I;START Download
2020-08-07T03:20:19Z;I;Opendata spec lesen ...
2020-08-07T03:20:24Z;I;. Deaths per week by 5-year age group, sex and canton (CSV file) vom 2020-08-05T16:42:57.719335
2020-08-07T03:20:24Z;I;..API in api.csv geschrieben !
2020-08-07T03:20:24Z;I;URL download lesen ...
2020-08-07T03:20:27Z;I;..CSV in new_todesfaelle_woche.csv geschrieben !
2020-08-07T03:20:27Z;I;<Last_pull> badge created
2020-08-07T03:20:27Z;I;END Download
2020-08-07T03:20:27Z;I;START Validierung
2020-08-07T03:20:27Z;I;todesfaelle_woche.csv gelesen 20243 Zeilen und 9 Spalten
2020-08-07T03:20:27Z;I;new_todesfaelle_woche.csv gelesen 20243 Zeilen und 9 Spalten
2020-08-07T03:20:27Z;E;Daten identisch
2020-08-07T03:20:27Z;I;END Validierung
2020-08-08T03:20:07Z;I;START Download
2020-08-08T03:20:08Z;I;Opendata spec lesen ...
2020-08-08T03:20:13Z;I;. Deaths per week by 5-year age group, sex and canton (CSV file) vom 2020-08-05T16:42:57.719335
2020-08-08T03:20:13Z;I;..API in api.csv geschrieben !
2020-08-08T03:20:13Z;I;URL download lesen ...
2020-08-08T03:20:13Z;W;..new_todesfaelle_woche.csv wird überschrieben !
2020-08-08T03:20:15Z;I;..CSV in new_todesfaelle_woche.csv geschrieben !
2020-08-08T03:20:15Z;I;<Last_pull> badge created
2020-08-08T03:20:15Z;I;END Download
2020-08-08T03:20:15Z;I;START Validierung
2020-08-08T03:20:16Z;I;todesfaelle_woche.csv gelesen 20243 Zeilen und 9 Spalten
2020-08-08T03:20:16Z;I;new_todesfaelle_woche.csv gelesen 20243 Zeilen und 9 Spalten
2020-08-08T03:20:16Z;E;Daten identisch
2020-08-08T03:20:16Z;I;END Validierung
2020-08-11T03:24:51Z;I;START Download
2020-08-11T03:24:51Z;I;Opendata spec lesen ...
2020-08-11T03:24:56Z;I;. Deaths per week by 5-year age group, sex and canton (CSV file) vom 2020-08-05T16:42:57.719335
2020-08-11T03:24:56Z;I;..API in api.csv geschrieben !
2020-08-11T03:24:56Z;I;URL download lesen ...
2020-08-11T03:24:56Z;W;..new_todesfaelle_woche.csv wird überschrieben !
2020-08-11T03:24:58Z;I;..CSV in new_todesfaelle_woche.csv geschrieben !
2020-08-11T03:24:58Z;I;<Last_pull> badge created
2020-08-11T03:24:58Z;I;END Download
2020-08-11T03:24:58Z;I;START Validierung
2020-08-11T03:24:58Z;I;todesfaelle_woche.csv gelesen 20243 Zeilen und 9 Spalten
2020-08-11T03:24:58Z;I;new_todesfaelle_woche.csv gelesen 20243 Zeilen und 9 Spalten
2020-08-11T03:24:58Z;E;Daten identisch
2020-08-11T03:24:58Z;I;END Validierung
2020-08-12T03:21:54Z;I;START Download
2020-08-12T03:21:55Z;I;Opendata spec lesen ...
2020-08-12T03:22:00Z;I;. Deaths per week by 5-year age group, sex and canton (CSV file) vom 2020-08-05T16:42:57.719335
2020-08-12T03:22:00Z;I;..API in api.csv geschrieben !
2020-08-12T03:22:00Z;I;URL download lesen ...
2020-08-12T03:22:00Z;W;..new_todesfaelle_woche.csv wird überschrieben !
2020-08-12T03:22:03Z;I;..CSV in new_todesfaelle_woche.csv geschrieben !
2020-08-12T03:22:03Z;I;<Last_pull> badge created
2020-08-12T03:22:03Z;I;END Download
2020-08-12T03:22:03Z;I;START Validierung
2020-08-12T03:22:03Z;I;todesfaelle_woche.csv gelesen 20243 Zeilen und 9 Spalten
2020-08-12T03:22:03Z;I;new_todesfaelle_woche.csv gelesen 20243 Zeilen und 9 Spalten
2020-08-12T03:22:03Z;E;Daten identisch
2020-08-12T03:22:03Z;I;END Validierung
2020-08-13T03:21:09Z;I;START Download
2020-08-13T03:21:09Z;I;Opendata spec lesen ...
2020-08-13T03:21:15Z;I;. Deaths per week by 5-year age group, sex and canton (CSV file) vom 2020-08-12T14:03:55.598971
2020-08-13T03:21:15Z;I;..API in api.csv geschrieben !
2020-08-13T03:21:15Z;I;URL download lesen ...
2020-08-13T03:21:15Z;W;..new_todesfaelle_woche.csv wird überschrieben !
2020-08-13T03:21:18Z;I;..CSV in new_todesfaelle_woche.csv geschrieben !
2020-08-13T03:21:18Z;I;<Last_pull> badge created
2020-08-13T03:21:18Z;I;END Download
2020-08-13T03:21:18Z;I;START Validierung
2020-08-13T03:21:18Z;I;todesfaelle_woche.csv gelesen 20243 Zeilen und 9 Spalten
2020-08-13T03:21:18Z;I;new_todesfaelle_woche.csv gelesen 20937 Zeilen und 9 Spalten
2020-08-13T03:21:18Z;I;Referenztabellen erstellt ...
2020-08-13T03:21:18Z;I;Validatortabellen erstellt ...
2020-08-13T03:21:18Z;I;..2020 mit 1247 Todesfälle
2020-08-13T03:21:18Z;W;..2020-W14 mit -1 Todesfälle
2020-08-13T03:21:18Z;I;..2020-W24 mit 4 Todesfälle
2020-08-13T03:21:18Z;I;..2020-W25 mit 6 Todesfälle
2020-08-13T03:21:18Z;I;..2020-W26 mit 5 Todesfälle
2020-08-13T03:21:18Z;I;..2020-W27 mit 9 Todesfälle
2020-08-13T03:21:18Z;I;..2020-W28 mit 10 Todesfälle
2020-08-13T03:21:18Z;I;..2020-W29 mit 35 Todesfälle
2020-08-13T03:21:18Z;I;..2020-W30 mit 66 Todesfälle
2020-08-13T03:21:18Z;I;..2020-W31 mit 1092 Todesfälle
2020-08-13T03:21:18Z;I;Differenzen in 447 Zeilen mit 1247 Todesfällen ..
2020-08-13T03:21:18Z;I;..in ../data/diff.csv geschrieben !
2020-08-13T03:21:18Z;I;../data/todesfaelle_woche.csv umbenannt in ../data/arc_todesfaelle_woche.csv
2020-08-13T03:21:18Z;I;../data/new_todesfaelle_woche.csv umbenannt in ../data/todesfaelle_woche.csv
2020-08-13T03:21:18Z;I;<Valdidate> badge created
2020-08-13T03:21:18Z;I;END Validierung
2020-08-13T03:21:18Z;I;START API
2020-08-13T03:21:18Z;I;restful auf disc
2020-08-13T03:21:18Z;I;badge auf disc
2020-08-13T03:21:18Z;I;END API
2020-08-14T03:21:19Z;I;START Download
2020-08-14T03:21:19Z;I;Opendata spec lesen ...
2020-08-14T03:21:25Z;I;. Deaths per week by 5-year age group, sex and canton (CSV file) vom 2020-08-12T14:03:55.598971
2020-08-14T03:21:25Z;I;..API in api.csv geschrieben !
2020-08-14T03:21:25Z;I;URL download lesen ...
2020-08-14T03:21:27Z;I;..CSV in new_todesfaelle_woche.csv geschrieben !
2020-08-14T03:21:27Z;I;<Last_pull> badge created
2020-08-14T03:21:27Z;I;END Download
2020-08-14T03:21:27Z;I;START Validierung
2020-08-14T03:21:27Z;I;todesfaelle_woche.csv gelesen 20937 Zeilen und 9 Spalten
2020-08-14T03:21:27Z;I;new_todesfaelle_woche.csv gelesen 20937 Zeilen und 9 Spalten
2020-08-14T03:21:27Z;E;Daten identisch
2020-08-14T03:21:27Z;I;END Validierung
2020-08-15T03:22:13Z;I;START Download
2020-08-15T03:22:14Z;I;Opendata spec lesen ...
2020-08-15T03:22:18Z;I;. Deaths per week by 5-year age group, sex and canton (CSV file) vom 2020-08-12T14:03:55.598971
2020-08-15T03:22:18Z;I;..API in api.csv geschrieben !
2020-08-15T03:22:18Z;I;URL download lesen ...
2020-08-15T03:22:18Z;W;..new_todesfaelle_woche.csv wird überschrieben !
2020-08-15T03:22:20Z;I;..CSV in new_todesfaelle_woche.csv geschrieben !
2020-08-15T03:22:20Z;I;<Last_pull> badge created
2020-08-15T03:22:20Z;I;END Download
2020-08-15T03:22:20Z;I;START Validierung
2020-08-15T03:22:21Z;I;todesfaelle_woche.csv gelesen 20937 Zeilen und 9 Spalten
2020-08-15T03:22:21Z;I;new_todesfaelle_woche.csv gelesen 20937 Zeilen und 9 Spalten
2020-08-15T03:22:21Z;E;Daten identisch
2020-08-15T03:22:21Z;I;END Validierung
2020-08-18T03:22:10Z;I;START Download
2020-08-18T03:22:10Z;I;Opendata spec lesen ...
2020-08-18T03:22:16Z;I;. Deaths per week by 5-year age group, sex and canton (CSV file) vom 2020-08-12T14:03:55.598971
2020-08-18T03:22:16Z;I;..API in api.csv geschrieben !
2020-08-18T03:22:16Z;I;URL download lesen ...
2020-08-18T03:22:16Z;W;..new_todesfaelle_woche.csv wird überschrieben !
2020-08-18T03:22:18Z;I;..CSV in new_todesfaelle_woche.csv geschrieben !
2020-08-18T03:22:18Z;I;<Last_pull> badge created
2020-08-18T03:22:18Z;I;END Download
2020-08-18T03:22:18Z;I;START Validierung
2020-08-18T03:22:19Z;I;todesfaelle_woche.csv gelesen 20937 Zeilen und 9 Spalten
2020-08-18T03:22:19Z;I;new_todesfaelle_woche.csv gelesen 20937 Zeilen und 9 Spalten
2020-08-18T03:22:19Z;E;Daten identisch
2020-08-18T03:22:19Z;I;END Validierung
2020-08-19T03:22:00Z;I;START Download
2020-08-19T03:22:01Z;I;Opendata spec lesen ...
2020-08-19T03:22:08Z;E;Error NROW(api_res$PIVOT) == 1 is not TRUE
2020-08-19T03:22:08Z;I;<Last_pull> badge created
2020-08-19T03:22:08Z;I;END Download
2020-08-19T03:22:00Z;I;START Download
2020-08-19T03:22:01Z;I;Opendata spec lesen ...
2020-08-19T03:22:08Z;E;Error NROW(api_res$PIVOT) == 1 is not TRUE
2020-08-19T03:22:08Z;I;<Last_pull> badge created
2020-08-19T03:22:08Z;I;END Download
2020-08-19T03:22:08Z;I;END Download
2020-08-20T03:24:09Z;I;START Download
2020-08-20T03:24:10Z;I;Opendata spec lesen ...
2020-08-20T03:24:15Z;I;. Deaths per week by 5-year age group, sex and canton (CSV file) vom 2020-08-18T20:57:24.090262
2020-08-20T03:24:15Z;I;..API in api.csv geschrieben !
2020-08-20T03:24:15Z;I;URL download lesen ...
2020-08-20T03:24:15Z;W;..new_todesfaelle_woche.csv wird überschrieben !
2020-08-20T03:24:17Z;I;..CSV in new_todesfaelle_woche.csv geschrieben !
2020-08-20T03:24:17Z;I;<Last_pull> badge created
2020-08-20T03:24:17Z;I;END Download
2020-08-20T03:24:17Z;I;START Validierung
2020-08-20T03:24:17Z;I;todesfaelle_woche.csv gelesen 20937 Zeilen und 9 Spalten
2020-08-20T03:24:17Z;I;new_todesfaelle_woche.csv gelesen 21589 Zeilen und 9 Spalten
2020-08-20T03:24:17Z;I;Referenztabellen erstellt ...
2020-08-20T03:24:17Z;I;Validatortabellen erstellt ...
2020-08-20T03:24:17Z;I;..2020 mit 1152 Todesfälle
2020-08-20T03:24:17Z;I;..2020-W25 mit 6 Todesfälle
2020-08-20T03:24:17Z;I;..2020-W26 mit 4 Todesfälle
2020-08-20T03:24:17Z;I;..2020-W27 mit 5 Todesfälle
2020-08-20T03:24:17Z;I;..2020-W28 mit 5 Todesfälle
2020-08-20T03:24:17Z;I;..2020-W29 mit 13 Todesfälle
2020-08-20T03:24:17Z;I;..2020-W30 mit 44 Todesfälle
2020-08-20T03:24:17Z;I;..2020-W31 mit 51 Todesfälle
2020-08-20T03:24:17Z;I;..2020-W32 mit 1001 Todesfälle
2020-08-20T03:24:17Z;I;Differenzen in 416 Zeilen mit 1152 Todesfällen ..
2020-08-20T03:24:17Z;I;..in ../data/diff.csv geschrieben !
2020-08-20T03:24:17Z;I;../data/todesfaelle_woche.csv umbenannt in ../data/arc_todesfaelle_woche.csv
2020-08-20T03:24:17Z;I;../data/new_todesfaelle_woche.csv umbenannt in ../data/todesfaelle_woche.csv
2020-08-20T03:24:17Z;I;<Valdidate> badge created
2020-08-20T03:24:17Z;I;END Validierung
2020-08-20T03:24:17Z;I;START API
2020-08-20T03:24:17Z;I;restful auf disc
2020-08-20T03:24:17Z;I;badge auf disc
2020-08-20T03:24:17Z;I;END API
2020-08-21T03:21:59Z;I;START Download
2020-08-21T03:21:59Z;I;Opendata spec lesen ...
2020-08-21T03:22:04Z;I;. Deaths per week by 5-year age group, sex and canton (CSV file) vom 2020-08-18T20:57:24.090262
2020-08-21T03:22:04Z;I;..API in api.csv geschrieben !
2020-08-21T03:22:04Z;I;URL download lesen ...
2020-08-21T03:22:06Z;I;..CSV in new_todesfaelle_woche.csv geschrieben !
2020-08-21T03:22:06Z;I;<Last_pull> badge created
2020-08-21T03:22:06Z;I;END Download
2020-08-21T03:22:06Z;I;START Validierung
2020-08-21T03:22:07Z;I;todesfaelle_woche.csv gelesen 21589 Zeilen und 9 Spalten
2020-08-21T03:22:07Z;I;new_todesfaelle_woche.csv gelesen 21589 Zeilen und 9 Spalten
2020-08-21T03:22:07Z;E;Daten identisch
2020-08-21T03:22:07Z;I;END Validierung
2020-08-22T03:22:27Z;I;START Download
2020-08-22T03:22:28Z;I;Opendata spec lesen ...
2020-08-22T03:22:33Z;I;. Deaths per week by 5-year age group, sex and canton (CSV file) vom 2020-08-18T20:57:24.090262
2020-08-22T03:22:33Z;I;..API in api.csv geschrieben !
2020-08-22T03:22:33Z;I;URL download lesen ...
2020-08-22T03:22:33Z;W;..new_todesfaelle_woche.csv wird überschrieben !
2020-08-22T03:22:35Z;I;..CSV in new_todesfaelle_woche.csv geschrieben !
2020-08-22T03:22:35Z;I;<Last_pull> badge created
2020-08-22T03:22:35Z;I;END Download
2020-08-22T03:22:36Z;I;START Validierung
2020-08-22T03:22:36Z;I;todesfaelle_woche.csv gelesen 21589 Zeilen und 9 Spalten
2020-08-22T03:22:36Z;I;new_todesfaelle_woche.csv gelesen 21589 Zeilen und 9 Spalten
2020-08-22T03:22:36Z;E;Daten identisch
2020-08-22T03:22:36Z;I;END Validierung
2020-08-25T03:22:23Z;I;START Download
2020-08-25T03:22:23Z;I;Opendata spec lesen ...
2020-08-25T03:22:29Z;I;. Deaths per week by 5-year age group, sex and canton (CSV file) vom 2020-08-18T20:57:24.090262
2020-08-25T03:22:29Z;I;..API in api.csv geschrieben !
2020-08-25T03:22:29Z;I;URL download lesen ...
2020-08-25T03:22:29Z;W;..new_todesfaelle_woche.csv wird überschrieben !
2020-08-25T03:22:32Z;I;..CSV in new_todesfaelle_woche.csv geschrieben !
2020-08-25T03:22:32Z;I;<Last_pull> badge created
2020-08-25T03:22:32Z;I;END Download
2020-08-25T03:22:32Z;I;START Validierung
2020-08-25T03:22:32Z;I;todesfaelle_woche.csv gelesen 21589 Zeilen und 9 Spalten
2020-08-25T03:22:32Z;I;new_todesfaelle_woche.csv gelesen 21589 Zeilen und 9 Spalten
2020-08-25T03:22:32Z;E;Daten identisch
2020-08-25T03:22:32Z;I;END Validierung
2020-08-26T03:22:26Z;I;START Download
2020-08-26T03:22:26Z;I;Opendata spec lesen ...
2020-08-26T03:22:32Z;I;. Deaths per week by 5-year age group, sex and canton (CSV file) vom 2020-08-18T20:57:24.090262
2020-08-26T03:22:32Z;I;..API in api.csv geschrieben !
2020-08-26T03:22:32Z;I;URL download lesen ...
2020-08-26T03:22:32Z;W;..new_todesfaelle_woche.csv wird überschrieben !
2020-08-26T03:22:35Z;I;..CSV in new_todesfaelle_woche.csv geschrieben !
2020-08-26T03:22:35Z;I;<Last_pull> badge created
2020-08-26T03:22:35Z;I;END Download
2020-08-26T03:22:35Z;I;START Validierung
2020-08-26T03:22:35Z;I;todesfaelle_woche.csv gelesen 21589 Zeilen und 9 Spalten
2020-08-26T03:22:35Z;I;new_todesfaelle_woche.csv gelesen 21589 Zeilen und 9 Spalten
2020-08-26T03:22:35Z;E;Daten identisch
2020-08-26T03:22:35Z;I;END Validierung
2020-08-27T03:22:40Z;I;START Download
2020-08-27T03:22:41Z;I;Opendata spec lesen ...
2020-08-27T03:22:48Z;E;Error NROW(api_res$PIVOT) == 1 is not TRUE
2020-08-27T03:22:48Z;I;<Last_pull> badge created
2020-08-27T03:22:48Z;I;END Download
2020-08-27T03:22:40Z;I;START Download
2020-08-27T03:22:41Z;I;Opendata spec lesen ...
2020-08-27T03:22:48Z;E;Error NROW(api_res$PIVOT) == 1 is not TRUE
2020-08-27T03:22:48Z;I;<Last_pull> badge created
2020-08-27T03:22:48Z;I;END Download
2020-08-27T03:22:48Z;I;END Download
2020-08-28T03:23:29Z;I;START Download
2020-08-28T03:23:29Z;I;Opendata spec lesen ...
2020-08-28T03:23:34Z;I;. Deaths per week by 5-year age group, sex and canton (CSV file) vom 2020-08-26T19:21:30.279028
2020-08-28T03:23:34Z;I;..API in api.csv geschrieben !
2020-08-28T03:23:34Z;I;URL download lesen ...
2020-08-28T03:23:34Z;W;..new_todesfaelle_woche.csv wird überschrieben !
2020-08-28T03:23:37Z;I;..CSV in new_todesfaelle_woche.csv geschrieben !
2020-08-28T03:23:37Z;I;<Last_pull> badge created
2020-08-28T03:23:37Z;I;END Download
2020-08-28T03:23:37Z;I;START Validierung
2020-08-28T03:23:38Z;I;todesfaelle_woche.csv gelesen 21589 Zeilen und 9 Spalten
2020-08-28T03:23:38Z;I;new_todesfaelle_woche.csv gelesen 22231 Zeilen und 9 Spalten
2020-08-28T03:23:38Z;I;Referenztabellen erstellt ...
2020-08-28T03:23:38Z;I;Validatortabellen erstellt ...
2020-08-28T03:23:38Z;I;..2020 mit 1207 Todesfälle
2020-08-28T03:23:38Z;I;..2020-W26 mit 5 Todesfälle
2020-08-28T03:23:38Z;I;..2020-W27 mit 8 Todesfälle
2020-08-28T03:23:38Z;I;..2020-W28 mit 6 Todesfälle
2020-08-28T03:23:38Z;I;..2020-W29 mit 4 Todesfälle
2020-08-28T03:23:38Z;I;..2020-W30 mit 18 Todesfälle
2020-08-28T03:23:38Z;I;..2020-W31 mit 51 Todesfälle
2020-08-28T03:23:38Z;I;..2020-W32 mit 34 Todesfälle
2020-08-28T03:23:38Z;I;..2020-W33 mit 1052 Todesfälle
2020-08-28T03:23:38Z;I;Differenzen in 426 Zeilen mit 1207 Todesfällen ..
2020-08-28T03:23:38Z;I;..in ../data/diff.csv geschrieben !
2020-08-28T03:23:38Z;I;../data/todesfaelle_woche.csv umbenannt in ../data/arc_todesfaelle_woche.csv
2020-08-28T03:23:38Z;I;../data/new_todesfaelle_woche.csv umbenannt in ../data/todesfaelle_woche.csv
2020-08-28T03:23:38Z;I;<Valdidate> badge created
2020-08-28T03:23:38Z;I;END Validierung
2020-08-28T03:23:38Z;I;START API
2020-08-28T03:23:38Z;I;restful auf disc
2020-08-28T03:23:38Z;I;badge auf disc
2020-08-28T03:23:38Z;I;END API
2020-08-29T03:17:46Z;I;START Download
2020-08-29T03:17:47Z;I;Opendata spec lesen ...
2020-08-29T03:17:52Z;I;. Deaths per week by 5-year age group, sex and canton (CSV file) vom 2020-08-26T19:21:30.279028
2020-08-29T03:17:52Z;I;..API in api.csv geschrieben !
2020-08-29T03:17:52Z;I;URL download lesen ...
2020-08-29T03:17:54Z;I;..CSV in new_todesfaelle_woche.csv geschrieben !
2020-08-29T03:17:54Z;I;<Last_pull> badge created
2020-08-29T03:17:54Z;I;END Download
2020-08-29T03:17:54Z;I;START Validierung
2020-08-29T03:17:55Z;I;todesfaelle_woche.csv gelesen 22231 Zeilen und 9 Spalten
2020-08-29T03:17:55Z;I;new_todesfaelle_woche.csv gelesen 22231 Zeilen und 9 Spalten
2020-08-29T03:17:55Z;E;Daten identisch
2020-08-29T03:17:55Z;I;END Validierung
2020-09-01T03:24:52Z;I;START Download
2020-09-01T03:24:52Z;I;Opendata spec lesen ...
2020-09-01T03:24:58Z;I;. Deaths per week by 5-year age group, sex and canton (CSV file) vom 2020-08-26T19:21:30.279028
2020-09-01T03:24:58Z;I;..API in api.csv geschrieben !
2020-09-01T03:24:58Z;I;URL download lesen ...
2020-09-01T03:24:58Z;W;..new_todesfaelle_woche.csv wird überschrieben !
2020-09-01T03:25:00Z;I;..CSV in new_todesfaelle_woche.csv geschrieben !
2020-09-01T03:25:00Z;I;<Last_pull> badge created
2020-09-01T03:25:00Z;I;END Download
2020-09-01T03:25:00Z;I;START Validierung
2020-09-01T03:25:00Z;I;todesfaelle_woche.csv gelesen 22231 Zeilen und 9 Spalten
2020-09-01T03:25:00Z;I;new_todesfaelle_woche.csv gelesen 22231 Zeilen und 9 Spalten
2020-09-01T03:25:00Z;E;Daten identisch
2020-09-01T03:25:00Z;I;END Validierung
2020-09-02T03:23:54Z;I;START Download
2020-09-02T03:23:55Z;I;Opendata spec lesen ...
2020-09-02T03:24:00Z;I;. Deaths per week by 5-year age group, sex and canton (CSV file) vom 2020-08-26T19:21:30.279028
2020-09-02T03:24:00Z;I;..API in api.csv geschrieben !
2020-09-02T03:24:00Z;I;URL download lesen ...
2020-09-02T03:24:00Z;W;..new_todesfaelle_woche.csv wird überschrieben !
2020-09-02T03:24:02Z;I;..CSV in new_todesfaelle_woche.csv geschrieben !
2020-09-02T03:24:02Z;I;<Last_pull> badge created
2020-09-02T03:24:02Z;I;END Download
2020-09-02T03:24:02Z;I;START Validierung
2020-09-02T03:24:02Z;I;todesfaelle_woche.csv gelesen 22231 Zeilen und 9 Spalten
2020-09-02T03:24:02Z;I;new_todesfaelle_woche.csv gelesen 22231 Zeilen und 9 Spalten
2020-09-02T03:24:02Z;E;Daten identisch
2020-09-02T03:24:02Z;I;END Validierung
2020-09-03T03:23:52Z;I;START Download
2020-09-03T03:23:52Z;I;Opendata spec lesen ...
2020-09-03T03:23:58Z;I;. Deaths per week by 5-year age group, sex and canton (CSV file) vom 2020-09-02T14:19:30.761075
2020-09-03T03:23:58Z;I;..API in api.csv geschrieben !
2020-09-03T03:23:58Z;I;URL download lesen ...
2020-09-03T03:23:58Z;W;..new_todesfaelle_woche.csv wird überschrieben !
2020-09-03T03:24:00Z;I;..CSV in new_todesfaelle_woche.csv geschrieben !
2020-09-03T03:24:00Z;I;<Last_pull> badge created
2020-09-03T03:24:00Z;I;END Download
2020-09-03T03:24:00Z;I;START Validierung
2020-09-03T03:24:01Z;I;todesfaelle_woche.csv gelesen 22231 Zeilen und 9 Spalten
2020-09-03T03:24:01Z;I;new_todesfaelle_woche.csv gelesen 22857 Zeilen und 9 Spalten
2020-09-03T03:24:01Z;I;Referenztabellen erstellt ...
2020-09-03T03:24:01Z;I;Validatortabellen erstellt ...
2020-09-03T03:24:01Z;I;..2020 mit 1118 Todesfälle
2020-09-03T03:24:01Z;I;..2020-W27 mit 5 Todesfälle
2020-09-03T03:24:01Z;I;..2020-W28 mit 3 Todesfälle
2020-09-03T03:24:01Z;I;..2020-W29 mit 6 Todesfälle
2020-09-03T03:24:01Z;I;..2020-W30 mit 10 Todesfälle
2020-09-03T03:24:01Z;I;..2020-W31 mit 18 Todesfälle
2020-09-03T03:24:01Z;I;..2020-W32 mit 44 Todesfälle
2020-09-03T03:24:01Z;I;..2020-W33 mit 45 Todesfälle
2020-09-03T03:24:01Z;I;..2020-W34 mit 969 Todesfälle
2020-09-03T03:24:01Z;I;Differenzen in 397 Zeilen mit 1118 Todesfällen ..
2020-09-03T03:24:01Z;I;..in ../data/diff.csv geschrieben !
2020-09-03T03:24:01Z;I;../data/todesfaelle_woche.csv umbenannt in ../data/arc_todesfaelle_woche.csv
2020-09-03T03:24:01Z;I;../data/new_todesfaelle_woche.csv umbenannt in ../data/todesfaelle_woche.csv
2020-09-03T03:24:01Z;I;<Valdidate> badge created
2020-09-03T03:24:01Z;I;END Validierung
2020-09-03T03:24:01Z;I;START API
2020-09-03T03:24:01Z;I;restful auf disc
2020-09-03T03:24:01Z;I;badge auf disc
2020-09-03T03:24:01Z;I;END API
2020-09-04T03:24:12Z;I;START Download
2020-09-04T03:24:13Z;I;Opendata spec lesen ...
2020-09-04T03:24:17Z;I;. Deaths per week by 5-year age group, sex and canton (CSV file) vom 2020-09-02T14:19:30.761075
2020-09-04T03:24:17Z;I;..API in api.csv geschrieben !
2020-09-04T03:24:17Z;I;URL download lesen ...
2020-09-04T03:24:19Z;I;..CSV in new_todesfaelle_woche.csv geschrieben !
2020-09-04T03:24:19Z;I;<Last_pull> badge created
2020-09-04T03:24:19Z;I;END Download
2020-09-04T03:24:19Z;I;START Validierung
2020-09-04T03:24:19Z;I;todesfaelle_woche.csv gelesen 22857 Zeilen und 9 Spalten
2020-09-04T03:24:19Z;I;new_todesfaelle_woche.csv gelesen 22857 Zeilen und 9 Spalten
2020-09-04T03:24:19Z;E;Daten identisch
2020-09-04T03:24:19Z;I;END Validierung
2020-09-05T03:47:06Z;I;START Download
2020-09-05T03:47:06Z;I;Opendata spec lesen ...
2020-09-05T03:47:11Z;I;. Deaths per week by 5-year age group, sex and canton (CSV file) vom 2020-09-02T14:19:30.761075
2020-09-05T03:47:12Z;I;..API in api.csv geschrieben !
2020-09-05T03:47:12Z;I;URL download lesen ...
2020-09-05T03:47:12Z;W;..new_todesfaelle_woche.csv wird überschrieben !
2020-09-05T03:47:14Z;I;..CSV in new_todesfaelle_woche.csv geschrieben !
2020-09-05T03:47:14Z;I;<Last_pull> badge created
2020-09-05T03:47:14Z;I;END Download
2020-09-05T03:47:14Z;I;START Validierung
2020-09-05T03:47:14Z;I;todesfaelle_woche.csv gelesen 22857 Zeilen und 9 Spalten
2020-09-05T03:47:14Z;I;new_todesfaelle_woche.csv gelesen 22857 Zeilen und 9 Spalten
2020-09-05T03:47:14Z;E;Daten identisch
2020-09-05T03:47:14Z;I;END Validierung
2020-09-08T03:25:01Z;I;START Download
2020-09-08T03:25:01Z;I;Opendata spec lesen ...
2020-09-08T03:25:06Z;I;. Deaths per week by 5-year age group, sex and canton (CSV file) vom 2020-09-02T14:19:30.761075
2020-09-08T03:25:06Z;I;..API in api.csv geschrieben !
2020-09-08T03:25:06Z;I;URL download lesen ...
2020-09-08T03:25:06Z;W;..new_todesfaelle_woche.csv wird überschrieben !
2020-09-08T03:25:09Z;I;..CSV in new_todesfaelle_woche.csv geschrieben !
2020-09-08T03:25:09Z;I;<Last_pull> badge created
2020-09-08T03:25:09Z;I;END Download
2020-09-08T03:25:09Z;I;START Validierung
2020-09-08T03:25:09Z;I;todesfaelle_woche.csv gelesen 22857 Zeilen und 9 Spalten
2020-09-08T03:25:09Z;I;new_todesfaelle_woche.csv gelesen 22857 Zeilen und 9 Spalten
2020-09-08T03:25:09Z;E;Daten identisch
2020-09-08T03:25:09Z;I;END Validierung
2020-09-09T03:25:00Z;I;START Download
2020-09-09T03:25:00Z;I;Opendata spec lesen ...
2020-09-09T03:25:05Z;I;. Deaths per week by 5-year age group, sex and canton (CSV file) vom 2020-09-02T14:19:30.761075
2020-09-09T03:25:05Z;I;..API in api.csv geschrieben !
2020-09-09T03:25:05Z;I;URL download lesen ...
2020-09-09T03:25:05Z;W;..new_todesfaelle_woche.csv wird überschrieben !
2020-09-09T03:25:07Z;I;..CSV in new_todesfaelle_woche.csv geschrieben !
2020-09-09T03:25:07Z;I;<Last_pull> badge created
2020-09-09T03:25:07Z;I;END Download
2020-09-09T03:25:07Z;I;START Validierung
2020-09-09T03:25:07Z;I;todesfaelle_woche.csv gelesen 22857 Zeilen und 9 Spalten
2020-09-09T03:25:07Z;I;new_todesfaelle_woche.csv gelesen 22857 Zeilen und 9 Spalten
2020-09-09T03:25:07Z;E;Daten identisch
2020-09-09T03:25:07Z;I;END Validierung
2020-09-10T03:24:13Z;I;START Download
2020-09-10T03:24:13Z;I;Opendata spec lesen ...
2020-09-10T03:24:17Z;I;. Deaths per week by 5-year age group, sex and canton (CSV file) vom 2020-09-09T10:01:31.725455
2020-09-10T03:24:17Z;I;..API in api.csv geschrieben !
2020-09-10T03:24:17Z;I;URL download lesen ...
2020-09-10T03:24:17Z;W;..new_todesfaelle_woche.csv wird überschrieben !
2020-09-10T03:24:19Z;I;..CSV in new_todesfaelle_woche.csv geschrieben !
2020-09-10T03:24:19Z;I;<Last_pull> badge created
2020-09-10T03:24:19Z;I;END Download
2020-09-10T03:24:19Z;I;START Validierung
2020-09-10T03:24:20Z;I;todesfaelle_woche.csv gelesen 22857 Zeilen und 9 Spalten
2020-09-10T03:24:20Z;I;new_todesfaelle_woche.csv gelesen 23560 Zeilen und 9 Spalten
2020-09-10T03:24:20Z;I;Referenztabellen erstellt ...
2020-09-10T03:24:20Z;I;Validatortabellen erstellt ...
2020-09-10T03:24:20Z;I;..2020 mit 1252 Todesfälle
2020-09-10T03:24:20Z;I;..2020-W28 mit 3 Todesfälle
2020-09-10T03:24:20Z;I;..2020-W29 mit 5 Todesfälle
2020-09-10T03:24:20Z;I;..2020-W30 mit 9 Todesfälle
2020-09-10T03:24:20Z;I;..2020-W31 mit 20 Todesfälle
2020-09-10T03:24:20Z;I;..2020-W32 mit 32 Todesfälle
2020-09-10T03:24:20Z;I;..2020-W33 mit 48 Todesfälle
2020-09-10T03:24:20Z;I;..2020-W34 mit 92 Todesfälle
2020-09-10T03:24:20Z;I;..2020-W35 mit 1011 Todesfälle
2020-09-10T03:24:20Z;I;Differenzen in 499 Zeilen mit 1252 Todesfällen ..
2020-09-10T03:24:20Z;I;..in ../data/diff.csv geschrieben !
2020-09-10T03:24:20Z;I;../data/todesfaelle_woche.csv umbenannt in ../data/arc_todesfaelle_woche.csv
2020-09-10T03:24:20Z;I;../data/new_todesfaelle_woche.csv umbenannt in ../data/todesfaelle_woche.csv
2020-09-10T03:24:20Z;I;<Valdidate> badge created
2020-09-10T03:24:20Z;I;END Validierung
2020-09-10T03:24:20Z;I;START API
2020-09-10T03:24:20Z;I;restful auf disc
2020-09-10T03:24:20Z;I;badge auf disc
2020-09-10T03:24:20Z;I;END API
2020-09-11T03:24:17Z;I;START Download
2020-09-11T03:24:17Z;I;Opendata spec lesen ...
2020-09-11T03:24:23Z;I;. Deaths per week by 5-year age group, sex and canton (CSV file) vom 2020-09-09T10:01:31.725455
2020-09-11T03:24:23Z;I;..API in api.csv geschrieben !
2020-09-11T03:24:23Z;I;URL download lesen ...
2020-09-11T03:24:25Z;I;..CSV in new_todesfaelle_woche.csv geschrieben !
2020-09-11T03:24:25Z;I;<Last_pull> badge created
2020-09-11T03:24:25Z;I;END Download
2020-09-11T03:24:25Z;I;START Validierung
2020-09-11T03:24:25Z;I;todesfaelle_woche.csv gelesen 23560 Zeilen und 9 Spalten
2020-09-11T03:24:25Z;I;new_todesfaelle_woche.csv gelesen 23560 Zeilen und 9 Spalten
2020-09-11T03:24:25Z;E;Daten identisch
2020-09-11T03:24:25Z;I;END Validierung
2020-09-12T03:24:37Z;I;START Download
2020-09-12T03:24:38Z;I;Opendata spec lesen ...
2020-09-12T03:24:43Z;I;. Deaths per week by 5-year age group, sex and canton (CSV file) vom 2020-09-09T10:01:31.725455
2020-09-12T03:24:43Z;I;..API in api.csv geschrieben !
2020-09-12T03:24:43Z;I;URL download lesen ...
2020-09-12T03:24:43Z;W;..new_todesfaelle_woche.csv wird überschrieben !
2020-09-12T03:24:46Z;I;..CSV in new_todesfaelle_woche.csv geschrieben !
2020-09-12T03:24:46Z;I;<Last_pull> badge created
2020-09-12T03:24:46Z;I;END Download
2020-09-12T03:24:46Z;I;START Validierung
2020-09-12T03:24:46Z;I;todesfaelle_woche.csv gelesen 23560 Zeilen und 9 Spalten
2020-09-12T03:24:46Z;I;new_todesfaelle_woche.csv gelesen 23560 Zeilen und 9 Spalten
2020-09-12T03:24:46Z;E;Daten identisch
2020-09-12T03:24:46Z;I;END Validierung
2020-09-15T03:24:53Z;I;START Download
2020-09-15T03:24:54Z;I;Opendata spec lesen ...
2020-09-15T03:24:59Z;I;. Deaths per week by 5-year age group, sex and canton (CSV file) vom 2020-09-09T10:01:31.725455
2020-09-15T03:24:59Z;I;..API in api.csv geschrieben !
2020-09-15T03:24:59Z;I;URL download lesen ...
2020-09-15T03:24:59Z;W;..new_todesfaelle_woche.csv wird überschrieben !
2020-09-15T03:25:02Z;I;..CSV in new_todesfaelle_woche.csv geschrieben !
2020-09-15T03:25:02Z;I;<Last_pull> badge created
2020-09-15T03:25:02Z;I;END Download
2020-09-15T03:25:02Z;I;START Validierung
2020-09-15T03:25:02Z;I;todesfaelle_woche.csv gelesen 23560 Zeilen und 9 Spalten
2020-09-15T03:25:02Z;I;new_todesfaelle_woche.csv gelesen 23560 Zeilen und 9 Spalten
2020-09-15T03:25:02Z;E;Daten identisch
2020-09-15T03:25:02Z;I;END Validierung
2020-09-16T03:24:46Z;I;START Download
2020-09-16T03:24:46Z;I;Opendata spec lesen ...
2020-09-16T03:24:51Z;I;. Deaths per week by 5-year age group, sex and canton (CSV file) vom 2020-09-09T10:01:31.725455
2020-09-16T03:24:51Z;I;..API in api.csv geschrieben !
2020-09-16T03:24:51Z;I;URL download lesen ...
2020-09-16T03:24:51Z;W;..new_todesfaelle_woche.csv wird überschrieben !
2020-09-16T03:24:54Z;I;..CSV in new_todesfaelle_woche.csv geschrieben !
2020-09-16T03:24:54Z;I;<Last_pull> badge created
2020-09-16T03:24:54Z;I;END Download
2020-09-16T03:24:54Z;I;START Validierung
2020-09-16T03:24:54Z;I;todesfaelle_woche.csv gelesen 23560 Zeilen und 9 Spalten
2020-09-16T03:24:54Z;I;new_todesfaelle_woche.csv gelesen 23560 Zeilen und 9 Spalten
2020-09-16T03:24:54Z;E;Daten identisch
2020-09-16T03:24:54Z;I;END Validierung
2020-09-17T03:24:53Z;I;START Download
2020-09-17T03:24:53Z;I;Opendata spec lesen ...
2020-09-17T03:24:58Z;I;. Deaths per week by 5-year age group, sex and canton (CSV file) vom 2020-09-09T10:01:31.725455
2020-09-17T03:24:58Z;I;..API in api.csv geschrieben !
2020-09-17T03:24:58Z;I;URL download lesen ...
2020-09-17T03:24:58Z;W;..new_todesfaelle_woche.csv wird überschrieben !
2020-09-17T03:24:59Z;I;..CSV in new_todesfaelle_woche.csv geschrieben !
2020-09-17T03:24:59Z;I;<Last_pull> badge created
2020-09-17T03:24:59Z;I;END Download
2020-09-17T03:24:59Z;I;START Validierung
2020-09-17T03:25:00Z;I;todesfaelle_woche.csv gelesen 23560 Zeilen und 9 Spalten
2020-09-17T03:25:00Z;I;new_todesfaelle_woche.csv gelesen 23560 Zeilen und 9 Spalten
2020-09-17T03:25:00Z;E;Daten identisch
2020-09-17T03:25:00Z;I;END Validierung
2020-09-18T03:24:37Z;I;START Download
2020-09-18T03:24:38Z;I;Opendata spec lesen ...
2020-09-18T03:24:43Z;I;. Deaths per week by 5-year age group, sex and canton (CSV file) vom 2020-09-09T10:01:31.725455
2020-09-18T03:24:43Z;I;..API in api.csv geschrieben !
2020-09-18T03:24:43Z;I;URL download lesen ...
2020-09-18T03:24:43Z;W;..new_todesfaelle_woche.csv wird überschrieben !
2020-09-18T03:24:45Z;I;..CSV in new_todesfaelle_woche.csv geschrieben !
2020-09-18T03:24:45Z;I;<Last_pull> badge created
2020-09-18T03:24:45Z;I;END Download
2020-09-18T03:24:45Z;I;START Validierung
2020-09-18T03:24:46Z;I;todesfaelle_woche.csv gelesen 23560 Zeilen und 9 Spalten
2020-09-18T03:24:46Z;I;new_todesfaelle_woche.csv gelesen 23560 Zeilen und 9 Spalten
2020-09-18T03:24:46Z;E;Daten identisch
2020-09-18T03:24:46Z;I;END Validierung
2020-09-19T03:24:44Z;I;START Download
2020-09-19T03:24:45Z;I;Opendata spec lesen ...
2020-09-19T03:24:51Z;E;Error NROW(api_res$PIVOT) == 1 is not TRUE
2020-09-19T03:24:51Z;I;<Last_pull> badge created
2020-09-19T03:24:51Z;I;END Download
2020-09-19T03:24:44Z;I;START Download
2020-09-19T03:24:45Z;I;Opendata spec lesen ...
2020-09-19T03:24:51Z;E;Error NROW(api_res$PIVOT) == 1 is not TRUE
2020-09-19T03:24:51Z;I;<Last_pull> badge created
2020-09-19T03:24:51Z;I;END Download
2020-09-19T03:24:51Z;I;END Download
2020-09-22T03:25:04Z;I;START Download
2020-09-22T03:25:05Z;I;Opendata spec lesen ...
2020-09-22T03:25:11Z;I;. Deaths per week by 5-year age group, sex and canton (CSV file) vom 2020-09-18T17:05:45.409297
2020-09-22T03:25:11Z;I;..API in api.csv geschrieben !
2020-09-22T03:25:11Z;I;URL download lesen ...
2020-09-22T03:25:11Z;W;..new_todesfaelle_woche.csv wird überschrieben !
2020-09-22T03:25:14Z;I;..CSV in new_todesfaelle_woche.csv geschrieben !
2020-09-22T03:25:14Z;I;<Last_pull> badge created
2020-09-22T03:25:14Z;I;END Download
2020-09-22T03:25:14Z;I;START Validierung
2020-09-22T03:25:14Z;I;todesfaelle_woche.csv gelesen 23560 Zeilen und 9 Spalten
2020-09-22T03:25:14Z;I;new_todesfaelle_woche.csv gelesen 24249 Zeilen und 9 Spalten
2020-09-22T03:25:14Z;I;Referenztabellen erstellt ...
2020-09-22T03:25:14Z;I;Validatortabellen erstellt ...
2020-09-22T03:25:14Z;I;..2020 mit 1158 Todesfälle
2020-09-22T03:25:14Z;W;..2020-W15 mit -1 Todesfälle
2020-09-22T03:25:14Z;I;..2020-W29 mit 4 Todesfälle
2020-09-22T03:25:14Z;I;..2020-W30 mit 6 Todesfälle
2020-09-22T03:25:14Z;I;..2020-W31 mit 9 Todesfälle
2020-09-22T03:25:14Z;I;..2020-W32 mit 16 Todesfälle
2020-09-22T03:25:14Z;I;..2020-W33 mit 33 Todesfälle
2020-09-22T03:25:14Z;I;..2020-W34 mit 54 Todesfälle
2020-09-22T03:25:14Z;I;..2020-W35 mit 42 Todesfälle
2020-09-22T03:25:14Z;I;..2020-W36 mit 980 Todesfälle
2020-09-22T03:25:14Z;I;Differenzen in 444 Zeilen mit 1158 Todesfällen ..
2020-09-22T03:25:14Z;I;..in ../data/diff.csv geschrieben !
2020-09-22T03:25:14Z;I;../data/todesfaelle_woche.csv umbenannt in ../data/arc_todesfaelle_woche.csv
2020-09-22T03:25:14Z;I;../data/new_todesfaelle_woche.csv umbenannt in ../data/todesfaelle_woche.csv
2020-09-22T03:25:14Z;I;<Valdidate> badge created
2020-09-22T03:25:14Z;I;END Validierung
2020-09-22T03:25:14Z;I;START API
2020-09-22T03:25:14Z;I;restful auf disc
2020-09-22T03:25:14Z;I;badge auf disc
2020-09-22T03:25:14Z;I;END API
2020-09-23T03:25:26Z;I;START Download
2020-09-23T03:25:27Z;I;Opendata spec lesen ...
2020-09-23T03:25:32Z;I;. Deaths per week by 5-year age group, sex and canton (CSV file) vom 2020-09-18T17:05:45.409297
2020-09-23T03:25:32Z;I;..API in api.csv geschrieben !
2020-09-23T03:25:32Z;I;URL download lesen ...
2020-09-23T03:25:35Z;I;..CSV in new_todesfaelle_woche.csv geschrieben !
2020-09-23T03:25:35Z;I;<Last_pull> badge created
2020-09-23T03:25:35Z;I;END Download
2020-09-23T03:25:35Z;I;START Validierung
2020-09-23T03:25:35Z;I;todesfaelle_woche.csv gelesen 24249 Zeilen und 9 Spalten
2020-09-23T03:25:35Z;I;new_todesfaelle_woche.csv gelesen 24249 Zeilen und 9 Spalten
2020-09-23T03:25:35Z;E;Daten identisch
2020-09-23T03:25:35Z;I;END Validierung
2020-09-24T03:25:19Z;I;START Download
2020-09-24T03:25:20Z;I;Opendata spec lesen ...
2020-09-24T03:25:24Z;I;. Deaths per week by 5-year age group, sex and canton (CSV file) vom 2020-09-18T17:05:45.409297
2020-09-24T03:25:24Z;I;..API in api.csv geschrieben !
2020-09-24T03:25:24Z;I;URL download lesen ...
2020-09-24T03:25:24Z;W;..new_todesfaelle_woche.csv wird überschrieben !
2020-09-24T03:25:26Z;I;..CSV in new_todesfaelle_woche.csv geschrieben !
2020-09-24T03:25:26Z;I;<Last_pull> badge created
2020-09-24T03:25:26Z;I;END Download
2020-09-24T03:25:26Z;I;START Validierung
2020-09-24T03:25:26Z;I;todesfaelle_woche.csv gelesen 24249 Zeilen und 9 Spalten
2020-09-24T03:25:26Z;I;new_todesfaelle_woche.csv gelesen 24249 Zeilen und 9 Spalten
2020-09-24T03:25:26Z;E;Daten identisch
2020-09-24T03:25:26Z;I;END Validierung
2020-09-25T03:25:25Z;I;START Download
2020-09-25T03:25:26Z;I;Opendata spec lesen ...
2020-09-25T03:25:32Z;I;. Deaths per week by 5-year age group, sex and canton (CSV file) vom 2020-09-18T17:05:45.409297
2020-09-25T03:25:32Z;I;..API in api.csv geschrieben !
2020-09-25T03:25:32Z;I;URL download lesen ...
2020-09-25T03:25:32Z;W;..new_todesfaelle_woche.csv wird überschrieben !
2020-09-25T03:25:34Z;I;..CSV in new_todesfaelle_woche.csv geschrieben !
2020-09-25T03:25:34Z;I;<Last_pull> badge created
2020-09-25T03:25:34Z;I;END Download
2020-09-25T03:25:34Z;I;START Validierung
2020-09-25T03:25:34Z;I;todesfaelle_woche.csv gelesen 24249 Zeilen und 9 Spalten
2020-09-25T03:25:34Z;I;new_todesfaelle_woche.csv gelesen 24249 Zeilen und 9 Spalten
2020-09-25T03:25:35Z;E;Daten identisch
2020-09-25T03:25:35Z;I;END Validierung
2020-09-26T03:25:25Z;I;START Download
2020-09-26T03:25:25Z;I;Opendata spec lesen ...
2020-09-26T03:25:32Z;I;. Deaths per week by 5-year age group, sex and canton (CSV file) vom 2020-09-25T05:51:02.250736
2020-09-26T03:25:32Z;I;..API in api.csv geschrieben !
2020-09-26T03:25:32Z;I;URL download lesen ...
2020-09-26T03:25:32Z;W;..new_todesfaelle_woche.csv wird überschrieben !
2020-09-26T03:25:35Z;I;..CSV in new_todesfaelle_woche.csv geschrieben !
2020-09-26T03:25:35Z;I;<Last_pull> badge created
2020-09-26T03:25:35Z;I;END Download
2020-09-26T03:25:35Z;I;START Validierung
2020-09-26T03:25:35Z;I;todesfaelle_woche.csv gelesen 24249 Zeilen und 9 Spalten
2020-09-26T03:25:35Z;I;new_todesfaelle_woche.csv gelesen 24911 Zeilen und 9 Spalten
2020-09-26T03:25:35Z;I;Referenztabellen erstellt ...
2020-09-26T03:25:35Z;I;Validatortabellen erstellt ...
2020-09-26T03:25:35Z;I;..2020 mit 1193 Todesfälle
2020-09-26T03:25:35Z;I;..2020-W30 mit 6 Todesfälle
2020-09-26T03:25:35Z;I;..2020-W31 mit 7 Todesfälle
2020-09-26T03:25:35Z;I;..2020-W32 mit 7 Todesfälle
2020-09-26T03:25:35Z;I;..2020-W33 mit 8 Todesfälle
2020-09-26T03:25:35Z;I;..2020-W34 mit 38 Todesfälle
2020-09-26T03:25:35Z;I;..2020-W35 mit 40 Todesfälle
2020-09-26T03:25:35Z;I;..2020-W36 mit 52 Todesfälle
2020-09-26T03:25:35Z;I;..2020-W37 mit 1016 Todesfälle
2020-09-26T03:25:35Z;I;Differenzen in 447 Zeilen mit 1194 Todesfällen ..
2020-09-26T03:25:35Z;I;..in ../data/diff.csv geschrieben !
2020-09-26T03:25:35Z;I;../data/todesfaelle_woche.csv umbenannt in ../data/arc_todesfaelle_woche.csv
2020-09-26T03:25:35Z;I;../data/new_todesfaelle_woche.csv umbenannt in ../data/todesfaelle_woche.csv
2020-09-26T03:25:35Z;I;<Valdidate> badge created
2020-09-26T03:25:35Z;I;END Validierung
2020-09-26T03:25:35Z;I;START API
2020-09-26T03:25:35Z;I;restful auf disc
2020-09-26T03:25:35Z;I;badge auf disc
2020-09-26T03:25:35Z;I;END API
2020-09-29T03:25:45Z;I;START Download
2020-09-29T03:25:45Z;I;Opendata spec lesen ...
2020-09-29T03:25:51Z;I;. Deaths per week by 5-year age group, sex and canton (CSV file) vom 2020-09-25T05:51:02.250736
2020-09-29T03:25:51Z;I;..API in api.csv geschrieben !
2020-09-29T03:25:51Z;I;URL download lesen ...
2020-09-29T03:25:53Z;I;..CSV in new_todesfaelle_woche.csv geschrieben !
2020-09-29T03:25:53Z;I;<Last_pull> badge created
2020-09-29T03:25:53Z;I;END Download
2020-09-29T03:25:53Z;I;START Validierung
2020-09-29T03:25:54Z;I;todesfaelle_woche.csv gelesen 24911 Zeilen und 9 Spalten
2020-09-29T03:25:54Z;I;new_todesfaelle_woche.csv gelesen 24911 Zeilen und 9 Spalten
2020-09-29T03:25:54Z;E;Daten identisch
2020-09-29T03:25:54Z;I;END Validierung
2020-09-30T03:26:12Z;I;START Download
2020-09-30T03:26:13Z;I;Opendata spec lesen ...
2020-09-30T03:26:19Z;I;. Deaths per week by 5-year age group, sex and canton (CSV file) vom 2020-09-25T05:51:02.250736
2020-09-30T03:26:19Z;I;..API in api.csv geschrieben !
2020-09-30T03:26:19Z;I;URL download lesen ...
2020-09-30T03:26:19Z;W;..new_todesfaelle_woche.csv wird überschrieben !
2020-09-30T03:26:22Z;I;..CSV in new_todesfaelle_woche.csv geschrieben !
2020-09-30T03:26:22Z;I;<Last_pull> badge created
2020-09-30T03:26:22Z;I;END Download
2020-09-30T03:26:22Z;I;START Validierung
2020-09-30T03:26:22Z;I;todesfaelle_woche.csv gelesen 24911 Zeilen und 9 Spalten
2020-09-30T03:26:22Z;I;new_todesfaelle_woche.csv gelesen 24911 Zeilen und 9 Spalten
2020-09-30T03:26:22Z;E;Daten identisch
2020-09-30T03:26:22Z;I;END Validierung
2020-10-01T03:26:20Z;I;START Download
2020-10-01T03:26:21Z;I;Opendata spec lesen ...
2020-10-01T03:26:25Z;I;. Deaths per week by 5-year age group, sex and canton (CSV file) vom 2020-09-25T05:51:02.250736
2020-10-01T03:26:25Z;I;..API in api.csv geschrieben !
2020-10-01T03:26:25Z;I;URL download lesen ...
2020-10-01T03:26:25Z;W;..new_todesfaelle_woche.csv wird überschrieben !
2020-10-01T03:26:28Z;I;..CSV in new_todesfaelle_woche.csv geschrieben !
2020-10-01T03:26:28Z;I;<Last_pull> badge created
2020-10-01T03:26:28Z;I;END Download
2020-10-01T03:26:28Z;I;START Validierung
2020-10-01T03:26:28Z;I;todesfaelle_woche.csv gelesen 24911 Zeilen und 9 Spalten
2020-10-01T03:26:28Z;I;new_todesfaelle_woche.csv gelesen 24911 Zeilen und 9 Spalten
2020-10-01T03:26:28Z;E;Daten identisch
2020-10-01T03:26:28Z;I;END Validierung
